"","Target","Emotion","PredictedEmotion","Correct"
"1","AF-205","NEUTRAL","NEUTRAL",TRUE
"2","AF-208","NEUTRAL","NEUTRAL",TRUE
"3","AF-249","NEUTRAL","NEUTRAL",TRUE
"4","AF-220","NEUTRAL","NEUTRAL",TRUE
"5","AF-235","NEUTRAL","NEUTRAL",TRUE
"6","AF-227","NEUTRAL","NEUTRAL",TRUE
"7","AF-242","NEUTRAL","NEUTRAL",TRUE
"8","AF-234","NEUTRAL","NEUTRAL",TRUE
"9","AF-247","NEUTRAL","NEUTRAL",TRUE
"10","AF-256","NEUTRAL","NEUTRAL",TRUE
"11","AF-244","NEUTRAL","NEUTRAL",TRUE
"12","AF-200","NEUTRAL","NEUTRAL",TRUE
"13","AF-246","NEUTRAL","NEUTRAL",TRUE
"14","AF-211","NEUTRAL","NEUTRAL",TRUE
"15","AF-243","NEUTRAL","NEUTRAL",TRUE
"16","AF-253","NEUTRAL","NEUTRAL",TRUE
"17","AF-217","NEUTRAL","NEUTRAL",TRUE
"18","AF-232","NEUTRAL","NEUTRAL",TRUE
"19","AF-241","NEUTRAL","NEUTRAL",TRUE
"20","AF-215","NEUTRAL","NEUTRAL",TRUE
"21","AF-245","NEUTRAL","NEUTRAL",TRUE
"22","AF-224","NEUTRAL","NEUTRAL",TRUE
"23","AF-248","NEUTRAL","NEUTRAL",TRUE
"24","AF-219","NEUTRAL","NEUTRAL",TRUE
"25","AF-201","NEUTRAL","NEUTRAL",TRUE
"26","AF-222","NEUTRAL","NEUTRAL",TRUE
"27","AF-239","NEUTRAL","NEUTRAL",TRUE
"28","AF-221","NEUTRAL","NEUTRAL",TRUE
"29","AF-213","NEUTRAL","NEUTRAL",TRUE
"30","AF-238","NEUTRAL","NEUTRAL",TRUE
"31","AF-233","NEUTRAL","NEUTRAL",TRUE
"32","AF-228","NEUTRAL","NEUTRAL",TRUE
"33","AF-251","NEUTRAL","NEUTRAL",TRUE
"34","AF-212","NEUTRAL","NEUTRAL",TRUE
"35","AF-250","NEUTRAL","NEUTRAL",TRUE
"36","AF-255","NEUTRAL","NEUTRAL",TRUE
"37","AF-229","NEUTRAL","NEUTRAL",TRUE
"38","AF-207","NEUTRAL","NEUTRAL",TRUE
"39","AF-206","NEUTRAL","NEUTRAL",TRUE
"40","AF-203","NEUTRAL","NEUTRAL",TRUE
"41","AF-252","NEUTRAL","NEUTRAL",TRUE
"42","AF-210","NEUTRAL","NEUTRAL",TRUE
"43","AF-202","NEUTRAL","NEUTRAL",TRUE
"44","AF-254","NEUTRAL","NEUTRAL",TRUE
"45","AF-240","NEUTRAL","NEUTRAL",TRUE
"46","AF-237","NEUTRAL","NEUTRAL",TRUE
"47","AF-214","NEUTRAL","NEUTRAL",TRUE
"48","AF-204","NEUTRAL","NEUTRAL",TRUE
"49","AF-230","NEUTRAL","NEUTRAL",TRUE
"50","AF-231","NEUTRAL","NEUTRAL",TRUE
"51","AF-216","NEUTRAL","NEUTRAL",TRUE
"52","AF-209","NEUTRAL","NEUTRAL",TRUE
"53","AF-225","NEUTRAL","NEUTRAL",TRUE
"54","AF-236","NEUTRAL","NEUTRAL",TRUE
"55","AF-218","NEUTRAL","NEUTRAL",TRUE
"56","AF-226","NEUTRAL","NEUTRAL",TRUE
"57","AF-223","NEUTRAL","NEUTRAL",TRUE
"58","BM-230","NEUTRAL","NEUTRAL",TRUE
"59","BM-222","NEUTRAL","NEUTRAL",TRUE
"60","BM-252","NEUTRAL","NEUTRAL",TRUE
"61","BM-020","HAPPINESS","HAPPINESS",TRUE
"62","BM-020","ANGER","HAPPINESS",FALSE
"63","BM-020","HAPPINESS","HAPPINESS",TRUE
"64","BM-020","FEAR","SURPRISE",FALSE
"65","BM-020","NEUTRAL","NEUTRAL",TRUE
"66","BM-229","NEUTRAL","NEUTRAL",TRUE
"67","BM-036","NEUTRAL","NEUTRAL",TRUE
"68","BM-036","HAPPINESS","HAPPINESS",TRUE
"69","BM-036","HAPPINESS","HAPPINESS",TRUE
"70","BM-036","FEAR","SURPRISE",FALSE
"71","BM-036","ANGER","NEUTRAL",FALSE
"72","BM-040","HAPPINESS","HAPPINESS",TRUE
"73","BM-040","ANGER","NEUTRAL",FALSE
"74","BM-040","NEUTRAL","NEUTRAL",TRUE
"75","BM-040","HAPPINESS","HAPPINESS",TRUE
"76","BM-216","NEUTRAL","NEUTRAL",TRUE
"77","BM-010","NEUTRAL","NEUTRAL",TRUE
"78","BM-010","FEAR","HAPPINESS",FALSE
"79","BM-010","HAPPINESS","HAPPINESS",TRUE
"80","BM-010","ANGER","NEUTRAL",FALSE
"81","BM-018","HAPPINESS","HAPPINESS",TRUE
"82","BM-018","FEAR","SURPRISE",FALSE
"83","BM-018","HAPPINESS","HAPPINESS",TRUE
"84","BM-018","NEUTRAL","NEUTRAL",TRUE
"85","BM-018","ANGER","ANGER",TRUE
"86","BM-029","FEAR","SURPRISE",FALSE
"87","BM-029","NEUTRAL","NEUTRAL",TRUE
"88","BM-029","HAPPINESS","HAPPINESS",TRUE
"89","BM-029","HAPPINESS","HAPPINESS",TRUE
"90","BM-238","NEUTRAL","NEUTRAL",TRUE
"91","BM-043","ANGER","NEUTRAL",FALSE
"92","BM-043","HAPPINESS","HAPPINESS",TRUE
"93","BM-043","NEUTRAL","NEUTRAL",TRUE
"94","BM-043","HAPPINESS","HAPPINESS",TRUE
"95","BM-249","NEUTRAL","NEUTRAL",TRUE
"96","BM-046","HAPPINESS","HAPPINESS",TRUE
"97","BM-046","HAPPINESS","HAPPINESS",TRUE
"98","BM-046","NEUTRAL","NEUTRAL",TRUE
"99","BM-046","FEAR","SURPRISE",FALSE
"100","BM-046","ANGER","NEUTRAL",FALSE
"101","BM-013","ANGER","ANGER",TRUE
"102","BM-013","HAPPINESS","HAPPINESS",TRUE
"103","BM-013","HAPPINESS","HAPPINESS",TRUE
"104","BM-013","NEUTRAL","NEUTRAL",TRUE
"105","BM-013","FEAR","SURPRISE",FALSE
"106","BM-253","NEUTRAL","NEUTRAL",TRUE
"107","BM-028","NEUTRAL","NEUTRAL",TRUE
"108","BM-028","HAPPINESS","HAPPINESS",TRUE
"109","BM-028","ANGER","NEUTRAL",FALSE
"110","BM-028","FEAR","SURPRISE",FALSE
"111","BM-028","HAPPINESS","HAPPINESS",TRUE
"112","BM-004","NEUTRAL","NEUTRAL",TRUE
"113","BM-037","HAPPINESS","HAPPINESS",TRUE
"114","BM-037","FEAR","FEAR",TRUE
"115","BM-037","HAPPINESS","HAPPINESS",TRUE
"116","BM-037","NEUTRAL","NEUTRAL",TRUE
"117","BM-037","ANGER","NEUTRAL",FALSE
"118","BM-223","NEUTRAL","NEUTRAL",TRUE
"119","BM-038","ANGER","NEUTRAL",FALSE
"120","BM-038","HAPPINESS","HAPPINESS",TRUE
"121","BM-038","HAPPINESS","HAPPINESS",TRUE
"122","BM-038","FEAR","FEAR",TRUE
"123","BM-038","NEUTRAL","NEUTRAL",TRUE
"124","BM-200","NEUTRAL","NEUTRAL",TRUE
"125","BM-012","NEUTRAL","NEUTRAL",TRUE
"126","BM-243","NEUTRAL","NEUTRAL",TRUE
"127","BM-228","NEUTRAL","NEUTRAL",TRUE
"128","BM-003","NEUTRAL","NEUTRAL",TRUE
"129","BM-003","FEAR","SURPRISE",FALSE
"130","BM-003","ANGER","NEUTRAL",FALSE
"131","BM-003","HAPPINESS","HAPPINESS",TRUE
"132","BM-250","NEUTRAL","NEUTRAL",TRUE
"133","BM-011","NEUTRAL","NEUTRAL",TRUE
"134","BM-011","HAPPINESS","HAPPINESS",TRUE
"135","BM-011","HAPPINESS","HAPPINESS",TRUE
"136","BM-011","FEAR","SURPRISE",FALSE
"137","BM-011","ANGER","ANGER",TRUE
"138","BM-030","HAPPINESS","HAPPINESS",TRUE
"139","BM-030","ANGER","ANGER",TRUE
"140","BM-030","NEUTRAL","NEUTRAL",TRUE
"141","BM-030","HAPPINESS","HAPPINESS",TRUE
"142","BM-030","FEAR","SURPRISE",FALSE
"143","BM-215","NEUTRAL","NEUTRAL",TRUE
"144","BM-202","NEUTRAL","NEUTRAL",TRUE
"145","BM-009","HAPPINESS","HAPPINESS",TRUE
"146","BM-009","HAPPINESS","HAPPINESS",TRUE
"147","BM-009","NEUTRAL","NEUTRAL",TRUE
"148","BM-009","FEAR","SURPRISE",FALSE
"149","BM-009","ANGER","CONTEMPT",FALSE
"150","BM-026","NEUTRAL","NEUTRAL",TRUE
"151","BM-026","ANGER","ANGER",TRUE
"152","BM-026","HAPPINESS","HAPPINESS",TRUE
"153","BM-026","HAPPINESS","HAPPINESS",TRUE
"154","BM-026","FEAR","SURPRISE",FALSE
"155","BM-247","NEUTRAL","NEUTRAL",TRUE
"156","BM-239","NEUTRAL","NEUTRAL",TRUE
"157","BM-045","NEUTRAL","NEUTRAL",TRUE
"158","BM-045","HAPPINESS","HAPPINESS",TRUE
"159","BM-045","ANGER","ANGER",TRUE
"160","BM-045","FEAR","FEAR",TRUE
"161","BM-045","HAPPINESS","HAPPINESS",TRUE
"162","BM-219","NEUTRAL","NEUTRAL",TRUE
"163","BM-044","HAPPINESS","HAPPINESS",TRUE
"164","BM-044","HAPPINESS","HAPPINESS",TRUE
"165","BM-044","NEUTRAL","NEUTRAL",TRUE
"166","BM-044","FEAR","HAPPINESS",FALSE
"167","BM-226","NEUTRAL","NEUTRAL",TRUE
"168","BM-213","NEUTRAL","NEUTRAL",TRUE
"169","BM-017","ANGER","ANGER",TRUE
"170","BM-017","FEAR","SURPRISE",FALSE
"171","BM-017","NEUTRAL","NEUTRAL",TRUE
"172","BM-017","HAPPINESS","HAPPINESS",TRUE
"173","BM-015","HAPPINESS","HAPPINESS",TRUE
"174","BM-015","NEUTRAL","NEUTRAL",TRUE
"175","BM-015","ANGER","ANGER",TRUE
"176","BM-015","HAPPINESS","HAPPINESS",TRUE
"177","BM-015","FEAR","FEAR",TRUE
"178","BM-245","NEUTRAL","NEUTRAL",TRUE
"179","BM-023","NEUTRAL","NEUTRAL",TRUE
"180","BM-023","HAPPINESS","HAPPINESS",TRUE
"181","BM-023","HAPPINESS","HAPPINESS",TRUE
"182","BM-023","FEAR","SURPRISE",FALSE
"183","BM-023","ANGER","ANGER",TRUE
"184","BM-251","NEUTRAL","NEUTRAL",TRUE
"185","BM-242","NEUTRAL","NEUTRAL",TRUE
"186","BM-016","ANGER","NEUTRAL",FALSE
"187","BM-016","NEUTRAL","NEUTRAL",TRUE
"188","BM-016","HAPPINESS","HAPPINESS",TRUE
"189","BM-016","FEAR","HAPPINESS",FALSE
"190","BM-002","NEUTRAL","NEUTRAL",TRUE
"191","BM-002","FEAR","SURPRISE",FALSE
"192","BM-002","HAPPINESS","HAPPINESS",TRUE
"193","BM-002","ANGER","ANGER",TRUE
"194","BM-002","HAPPINESS","HAPPINESS",TRUE
"195","BM-233","NEUTRAL","NEUTRAL",TRUE
"196","BM-206","NEUTRAL","NEUTRAL",TRUE
"197","BM-227","NEUTRAL","NEUTRAL",TRUE
"198","BM-235","NEUTRAL","NEUTRAL",TRUE
"199","BM-218","NEUTRAL","NEUTRAL",TRUE
"200","BM-041","ANGER","NEUTRAL",FALSE
"201","BM-041","HAPPINESS","HAPPINESS",TRUE
"202","BM-041","NEUTRAL","NEUTRAL",TRUE
"203","BM-041","HAPPINESS","HAPPINESS",TRUE
"204","BM-041","FEAR","SURPRISE",FALSE
"205","BM-236","NEUTRAL","NEUTRAL",TRUE
"206","BM-248","NEUTRAL","NEUTRAL",TRUE
"207","BM-022","HAPPINESS","HAPPINESS",TRUE
"208","BM-022","ANGER","NEUTRAL",FALSE
"209","BM-022","HAPPINESS","HAPPINESS",TRUE
"210","BM-022","FEAR","SURPRISE",FALSE
"211","BM-022","NEUTRAL","NEUTRAL",TRUE
"212","BM-212","NEUTRAL","NEUTRAL",TRUE
"213","BM-244","NEUTRAL","NEUTRAL",TRUE
"214","BM-208","NEUTRAL","NEUTRAL",TRUE
"215","BM-232","NEUTRAL","NEUTRAL",TRUE
"216","BM-021","HAPPINESS","HAPPINESS",TRUE
"217","BM-021","HAPPINESS","HAPPINESS",TRUE
"218","BM-021","FEAR","SURPRISE",FALSE
"219","BM-021","ANGER","DISGUST",FALSE
"220","BM-021","NEUTRAL","NEUTRAL",TRUE
"221","BM-024","FEAR","SURPRISE",FALSE
"222","BM-024","ANGER","NEUTRAL",FALSE
"223","BM-024","HAPPINESS","HAPPINESS",TRUE
"224","BM-024","HAPPINESS","HAPPINESS",TRUE
"225","BM-024","NEUTRAL","NEUTRAL",TRUE
"226","BM-237","NEUTRAL","NEUTRAL",TRUE
"227","BM-019","ANGER","NEUTRAL",FALSE
"228","BM-019","HAPPINESS","HAPPINESS",TRUE
"229","BM-019","HAPPINESS","HAPPINESS",TRUE
"230","BM-019","FEAR","SURPRISE",FALSE
"231","BM-019","NEUTRAL","NEUTRAL",TRUE
"232","BM-214","NEUTRAL","NEUTRAL",TRUE
"233","BM-027","NEUTRAL","NEUTRAL",TRUE
"234","BM-241","NEUTRAL","NEUTRAL",TRUE
"235","BM-209","NEUTRAL","NEUTRAL",TRUE
"236","BM-225","NEUTRAL","NEUTRAL",TRUE
"237","BM-207","NEUTRAL","NEUTRAL",TRUE
"238","BM-039","HAPPINESS","HAPPINESS",TRUE
"239","BM-039","HAPPINESS","HAPPINESS",TRUE
"240","BM-039","ANGER","NEUTRAL",FALSE
"241","BM-039","NEUTRAL","NEUTRAL",TRUE
"242","BM-039","FEAR","SURPRISE",FALSE
"243","BM-033","HAPPINESS","HAPPINESS",TRUE
"244","BM-033","NEUTRAL","NEUTRAL",TRUE
"245","BM-033","ANGER","NEUTRAL",FALSE
"246","BM-033","HAPPINESS","HAPPINESS",TRUE
"247","BM-033","FEAR","SURPRISE",FALSE
"248","BM-001","ANGER","ANGER",TRUE
"249","BM-001","HAPPINESS","HAPPINESS",TRUE
"250","BM-001","FEAR","SURPRISE",FALSE
"251","BM-001","NEUTRAL","NEUTRAL",TRUE
"252","BM-210","NEUTRAL","NEUTRAL",TRUE
"253","BM-025","HAPPINESS","HAPPINESS",TRUE
"254","BM-025","NEUTRAL","NEUTRAL",TRUE
"255","BM-025","FEAR","SURPRISE",FALSE
"256","BM-025","ANGER","ANGER",TRUE
"257","BM-025","HAPPINESS","HAPPINESS",TRUE
"258","BM-234","NEUTRAL","NEUTRAL",TRUE
"259","BM-221","NEUTRAL","NEUTRAL",TRUE
"260","BM-211","NEUTRAL","NEUTRAL",TRUE
"261","BM-246","NEUTRAL","NEUTRAL",TRUE
"262","BM-204","NEUTRAL","NEUTRAL",TRUE
"263","BM-032","HAPPINESS","HAPPINESS",TRUE
"264","BM-032","FEAR","SURPRISE",FALSE
"265","BM-032","ANGER","NEUTRAL",FALSE
"266","BM-032","HAPPINESS","HAPPINESS",TRUE
"267","BM-032","NEUTRAL","NEUTRAL",TRUE
"268","BM-201","NEUTRAL","NEUTRAL",TRUE
"269","BM-034","NEUTRAL","NEUTRAL",TRUE
"270","BM-034","ANGER","ANGER",TRUE
"271","BM-034","HAPPINESS","HAPPINESS",TRUE
"272","BM-034","FEAR","SURPRISE",FALSE
"273","BM-034","HAPPINESS","HAPPINESS",TRUE
"274","BM-240","NEUTRAL","NEUTRAL",TRUE
"275","BM-031","HAPPINESS","HAPPINESS",TRUE
"276","BM-031","FEAR","SURPRISE",FALSE
"277","BM-031","ANGER","NEUTRAL",FALSE
"278","BM-031","NEUTRAL","NEUTRAL",TRUE
"279","BM-031","HAPPINESS","HAPPINESS",TRUE
"280","BM-231","NEUTRAL","NEUTRAL",TRUE
"281","BM-005","NEUTRAL","NEUTRAL",TRUE
"282","BM-005","FEAR","SURPRISE",FALSE
"283","BM-005","HAPPINESS","HAPPINESS",TRUE
"284","BM-005","ANGER","NEUTRAL",FALSE
"285","BM-217","NEUTRAL","NEUTRAL",TRUE
"286","BM-205","NEUTRAL","NEUTRAL",TRUE
"287","BM-203","NEUTRAL","NEUTRAL",TRUE
"288","BM-224","NEUTRAL","NEUTRAL",TRUE
"289","AM-246","NEUTRAL","NEUTRAL",TRUE
"290","AM-209","NEUTRAL","NEUTRAL",TRUE
"291","AM-213","NEUTRAL","NEUTRAL",TRUE
"292","AM-216","NEUTRAL","NEUTRAL",TRUE
"293","AM-227","NEUTRAL","NEUTRAL",TRUE
"294","AM-251","NEUTRAL","NEUTRAL",TRUE
"295","AM-202","NEUTRAL","NEUTRAL",TRUE
"296","AM-235","NEUTRAL","NEUTRAL",TRUE
"297","AM-206","NEUTRAL","NEUTRAL",TRUE
"298","AM-212","NEUTRAL","NEUTRAL",TRUE
"299","AM-233","NEUTRAL","NEUTRAL",TRUE
"300","AM-243","NEUTRAL","NEUTRAL",TRUE
"301","AM-223","NEUTRAL","NEUTRAL",TRUE
"302","AM-220","NEUTRAL","NEUTRAL",TRUE
"303","AM-207","NEUTRAL","NEUTRAL",TRUE
"304","AM-239","NEUTRAL","NEUTRAL",TRUE
"305","AM-241","NEUTRAL","NEUTRAL",TRUE
"306","AM-219","NEUTRAL","NEUTRAL",TRUE
"307","AM-228","NEUTRAL","NEUTRAL",TRUE
"308","AM-211","NEUTRAL","NEUTRAL",TRUE
"309","AM-249","NEUTRAL","NEUTRAL",TRUE
"310","AM-208","NEUTRAL","NEUTRAL",TRUE
"311","AM-252","NEUTRAL","NEUTRAL",TRUE
"312","AM-215","NEUTRAL","NEUTRAL",TRUE
"313","AM-236","NEUTRAL","NEUTRAL",TRUE
"314","AM-214","NEUTRAL","NEUTRAL",TRUE
"315","AM-205","NEUTRAL","NEUTRAL",TRUE
"316","AM-253","NEUTRAL","NEUTRAL",TRUE
"317","AM-226","NEUTRAL","NEUTRAL",TRUE
"318","AM-230","NEUTRAL","NEUTRAL",TRUE
"319","AM-250","NEUTRAL","NEUTRAL",TRUE
"320","AM-201","NEUTRAL","NEUTRAL",TRUE
"321","AM-231","NEUTRAL","NEUTRAL",TRUE
"322","AM-232","NEUTRAL","NEUTRAL",TRUE
"323","AM-225","NEUTRAL","NEUTRAL",TRUE
"324","AM-248","NEUTRAL","NEUTRAL",TRUE
"325","AM-210","NEUTRAL","NEUTRAL",TRUE
"326","AM-203","NEUTRAL","NEUTRAL",TRUE
"327","AM-242","NEUTRAL","NEUTRAL",TRUE
"328","AM-229","NEUTRAL","NEUTRAL",TRUE
"329","AM-204","NEUTRAL","NEUTRAL",TRUE
"330","AM-244","NEUTRAL","NEUTRAL",TRUE
"331","AM-218","NEUTRAL","NEUTRAL",TRUE
"332","AM-234","NEUTRAL","NEUTRAL",TRUE
"333","AM-221","NEUTRAL","NEUTRAL",TRUE
"334","AM-238","NEUTRAL","NEUTRAL",TRUE
"335","AM-217","NEUTRAL","NEUTRAL",TRUE
"336","AM-247","NEUTRAL","NEUTRAL",TRUE
"337","AM-224","NEUTRAL","NEUTRAL",TRUE
"338","AM-245","NEUTRAL","NEUTRAL",TRUE
"339","AM-240","NEUTRAL","NEUTRAL",TRUE
"340","AM-237","NEUTRAL","NEUTRAL",TRUE
"341","WM-024","ANGER","NEUTRAL",FALSE
"342","WM-024","HAPPINESS","HAPPINESS",TRUE
"343","WM-024","NEUTRAL","NEUTRAL",TRUE
"344","WM-024","HAPPINESS","HAPPINESS",TRUE
"345","WM-024","FEAR","SURPRISE",FALSE
"346","WM-040","HAPPINESS","HAPPINESS",TRUE
"347","WM-040","NEUTRAL","NEUTRAL",TRUE
"348","WM-040","FEAR","SURPRISE",FALSE
"349","WM-040","HAPPINESS","HAPPINESS",TRUE
"350","WM-040","ANGER","NEUTRAL",FALSE
"351","WM-234","NEUTRAL","NEUTRAL",TRUE
"352","WM-035","HAPPINESS","HAPPINESS",TRUE
"353","WM-035","NEUTRAL","NEUTRAL",TRUE
"354","WM-035","HAPPINESS","HAPPINESS",TRUE
"355","WM-035","ANGER","NEUTRAL",FALSE
"356","WM-035","FEAR","SURPRISE",FALSE
"357","WM-222","NEUTRAL","NEUTRAL",TRUE
"358","WM-223","NEUTRAL","NEUTRAL",TRUE
"359","WM-256","NEUTRAL","NEUTRAL",TRUE
"360","WM-034","ANGER","NEUTRAL",FALSE
"361","WM-034","NEUTRAL","NEUTRAL",TRUE
"362","WM-034","HAPPINESS","HAPPINESS",TRUE
"363","WM-034","HAPPINESS","HAPPINESS",TRUE
"364","WM-034","FEAR","FEAR",TRUE
"365","WM-241","NEUTRAL","NEUTRAL",TRUE
"366","WM-204","NEUTRAL","NEUTRAL",TRUE
"367","WM-229","NEUTRAL","NEUTRAL",TRUE
"368","WM-019","NEUTRAL","NEUTRAL",TRUE
"369","WM-019","ANGER","ANGER",TRUE
"370","WM-019","HAPPINESS","HAPPINESS",TRUE
"371","WM-019","FEAR","HAPPINESS",FALSE
"372","WM-019","HAPPINESS","HAPPINESS",TRUE
"373","WM-219","NEUTRAL","NEUTRAL",TRUE
"374","WM-258","NEUTRAL","NEUTRAL",TRUE
"375","WM-232","NEUTRAL","NEUTRAL",TRUE
"376","WM-038","HAPPINESS","HAPPINESS",TRUE
"377","WM-038","FEAR","SURPRISE",FALSE
"378","WM-038","NEUTRAL","NEUTRAL",TRUE
"379","WM-038","ANGER","ANGER",TRUE
"380","WM-038","HAPPINESS","HAPPINESS",TRUE
"381","WM-032","ANGER","NEUTRAL",FALSE
"382","WM-032","FEAR","SURPRISE",FALSE
"383","WM-032","HAPPINESS","HAPPINESS",TRUE
"384","WM-032","NEUTRAL","NEUTRAL",TRUE
"385","WM-032","HAPPINESS","HAPPINESS",TRUE
"386","WM-003","NEUTRAL","NEUTRAL",TRUE
"387","WM-003","HAPPINESS","HAPPINESS",TRUE
"388","WM-003","ANGER","NEUTRAL",FALSE
"389","WM-003","HAPPINESS","HAPPINESS",TRUE
"390","WM-255","NEUTRAL","NEUTRAL",TRUE
"391","WM-231","NEUTRAL","NEUTRAL",TRUE
"392","WM-209","NEUTRAL","NEUTRAL",TRUE
"393","WM-210","NEUTRAL","NEUTRAL",TRUE
"394","WM-237","NEUTRAL","NEUTRAL",TRUE
"395","WM-239","NEUTRAL","NEUTRAL",TRUE
"396","WM-207","NEUTRAL","NEUTRAL",TRUE
"397","WM-240","NEUTRAL","NEUTRAL",TRUE
"398","WM-212","NEUTRAL","NEUTRAL",TRUE
"399","WM-213","NEUTRAL","NEUTRAL",TRUE
"400","WM-225","NEUTRAL","NEUTRAL",TRUE
"401","WM-249","NEUTRAL","NEUTRAL",TRUE
"402","WM-012","FEAR","SURPRISE",FALSE
"403","WM-012","NEUTRAL","NEUTRAL",TRUE
"404","WM-012","ANGER","NEUTRAL",FALSE
"405","WM-012","HAPPINESS","HAPPINESS",TRUE
"406","WM-012","HAPPINESS","HAPPINESS",TRUE
"407","WM-245","NEUTRAL","NEUTRAL",TRUE
"408","WM-236","NEUTRAL","NEUTRAL",TRUE
"409","WM-228","NEUTRAL","NEUTRAL",TRUE
"410","WM-214","NEUTRAL","NEUTRAL",TRUE
"411","WM-036","HAPPINESS","NEUTRAL",FALSE
"412","WM-036","ANGER","NEUTRAL",FALSE
"413","WM-036","FEAR","FEAR",TRUE
"414","WM-036","NEUTRAL","NEUTRAL",TRUE
"415","WM-036","HAPPINESS","HAPPINESS",TRUE
"416","WM-029","HAPPINESS","HAPPINESS",TRUE
"417","WM-029","HAPPINESS","HAPPINESS",TRUE
"418","WM-029","ANGER","NEUTRAL",FALSE
"419","WM-029","FEAR","SURPRISE",FALSE
"420","WM-029","NEUTRAL","NEUTRAL",TRUE
"421","WM-018","NEUTRAL","NEUTRAL",TRUE
"422","WM-018","ANGER","NEUTRAL",FALSE
"423","WM-018","HAPPINESS","HAPPINESS",TRUE
"424","WM-018","HAPPINESS","NEUTRAL",FALSE
"425","WM-251","NEUTRAL","NEUTRAL",TRUE
"426","WM-224","NEUTRAL","NEUTRAL",TRUE
"427","WM-253","NEUTRAL","NEUTRAL",TRUE
"428","WM-021","HAPPINESS","HAPPINESS",TRUE
"429","WM-021","ANGER","NEUTRAL",FALSE
"430","WM-021","HAPPINESS","HAPPINESS",TRUE
"431","WM-021","NEUTRAL","NEUTRAL",TRUE
"432","WM-017","ANGER","NEUTRAL",FALSE
"433","WM-017","NEUTRAL","NEUTRAL",TRUE
"434","WM-017","FEAR","SURPRISE",FALSE
"435","WM-017","HAPPINESS","HAPPINESS",TRUE
"436","WM-017","HAPPINESS","NEUTRAL",FALSE
"437","WM-020","ANGER","NEUTRAL",FALSE
"438","WM-020","NEUTRAL","NEUTRAL",TRUE
"439","WM-020","HAPPINESS","HAPPINESS",TRUE
"440","WM-020","HAPPINESS","HAPPINESS",TRUE
"441","WM-020","FEAR","HAPPINESS",FALSE
"442","WM-010","HAPPINESS","HAPPINESS",TRUE
"443","WM-010","FEAR","SURPRISE",FALSE
"444","WM-010","ANGER","NEUTRAL",FALSE
"445","WM-010","NEUTRAL","NEUTRAL",TRUE
"446","WM-010","HAPPINESS","NEUTRAL",FALSE
"447","WM-202","NEUTRAL","NEUTRAL",TRUE
"448","WM-039","HAPPINESS","HAPPINESS",TRUE
"449","WM-039","NEUTRAL","NEUTRAL",TRUE
"450","WM-039","ANGER","NEUTRAL",FALSE
"451","WM-039","HAPPINESS","NEUTRAL",FALSE
"452","WM-039","FEAR","HAPPINESS",FALSE
"453","WM-235","NEUTRAL","NEUTRAL",TRUE
"454","WM-254","NEUTRAL","NEUTRAL",TRUE
"455","WM-200","NEUTRAL","NEUTRAL",TRUE
"456","WM-230","NEUTRAL","NEUTRAL",TRUE
"457","WM-215","NEUTRAL","NEUTRAL",TRUE
"458","WM-247","NEUTRAL","NEUTRAL",TRUE
"459","WM-203","NEUTRAL","NEUTRAL",TRUE
"460","WM-216","NEUTRAL","NEUTRAL",TRUE
"461","WM-015","HAPPINESS","HAPPINESS",TRUE
"462","WM-015","NEUTRAL","NEUTRAL",TRUE
"463","WM-015","ANGER","NEUTRAL",FALSE
"464","WM-015","FEAR","FEAR",TRUE
"465","WM-015","HAPPINESS","HAPPINESS",TRUE
"466","WM-205","NEUTRAL","NEUTRAL",TRUE
"467","WM-218","NEUTRAL","NEUTRAL",TRUE
"468","WM-248","NEUTRAL","NEUTRAL",TRUE
"469","WM-238","NEUTRAL","NEUTRAL",TRUE
"470","WM-023","FEAR","SURPRISE",FALSE
"471","WM-023","HAPPINESS","HAPPINESS",TRUE
"472","WM-023","ANGER","NEUTRAL",FALSE
"473","WM-023","HAPPINESS","HAPPINESS",TRUE
"474","WM-023","NEUTRAL","NEUTRAL",TRUE
"475","WM-250","NEUTRAL","NEUTRAL",TRUE
"476","WM-026","HAPPINESS","HAPPINESS",TRUE
"477","WM-026","NEUTRAL","NEUTRAL",TRUE
"478","WM-026","ANGER","NEUTRAL",FALSE
"479","WM-026","FEAR","SURPRISE",FALSE
"480","WM-026","HAPPINESS","HAPPINESS",TRUE
"481","WM-014","HAPPINESS","HAPPINESS",TRUE
"482","WM-014","ANGER","NEUTRAL",FALSE
"483","WM-014","HAPPINESS","HAPPINESS",TRUE
"484","WM-014","NEUTRAL","NEUTRAL",TRUE
"485","WM-014","FEAR","SURPRISE",FALSE
"486","WM-002","NEUTRAL","NEUTRAL",TRUE
"487","WM-002","ANGER","NEUTRAL",FALSE
"488","WM-002","HAPPINESS","HAPPINESS",TRUE
"489","WM-002","HAPPINESS","HAPPINESS",TRUE
"490","WM-211","NEUTRAL","NEUTRAL",TRUE
"491","WM-009","FEAR","SURPRISE",FALSE
"492","WM-009","ANGER","NEUTRAL",FALSE
"493","WM-009","HAPPINESS","HAPPINESS",TRUE
"494","WM-009","NEUTRAL","NEUTRAL",TRUE
"495","WM-009","HAPPINESS","HAPPINESS",TRUE
"496","WM-028","FEAR","FEAR",TRUE
"497","WM-028","NEUTRAL","NEUTRAL",TRUE
"498","WM-028","HAPPINESS","HAPPINESS",TRUE
"499","WM-028","HAPPINESS","HAPPINESS",TRUE
"500","WM-028","ANGER","NEUTRAL",FALSE
"501","WM-025","ANGER","NEUTRAL",FALSE
"502","WM-025","HAPPINESS","HAPPINESS",TRUE
"503","WM-025","NEUTRAL","NEUTRAL",TRUE
"504","WM-025","FEAR","FEAR",TRUE
"505","WM-025","HAPPINESS","HAPPINESS",TRUE
"506","WM-033","HAPPINESS","HAPPINESS",TRUE
"507","WM-033","HAPPINESS","HAPPINESS",TRUE
"508","WM-033","NEUTRAL","NEUTRAL",TRUE
"509","WM-033","FEAR","SURPRISE",FALSE
"510","WM-033","ANGER","NEUTRAL",FALSE
"511","WM-227","NEUTRAL","NEUTRAL",TRUE
"512","WM-022","NEUTRAL","NEUTRAL",TRUE
"513","WM-022","ANGER","NEUTRAL",FALSE
"514","WM-022","HAPPINESS","HAPPINESS",TRUE
"515","WM-022","HAPPINESS","HAPPINESS",TRUE
"516","WM-022","FEAR","NEUTRAL",FALSE
"517","WM-257","NEUTRAL","NEUTRAL",TRUE
"518","WM-001","HAPPINESS","HAPPINESS",TRUE
"519","WM-001","HAPPINESS","HAPPINESS",TRUE
"520","WM-001","NEUTRAL","NEUTRAL",TRUE
"521","WM-011","NEUTRAL","NEUTRAL",TRUE
"522","WM-011","HAPPINESS","HAPPINESS",TRUE
"523","WM-011","HAPPINESS","HAPPINESS",TRUE
"524","WM-011","ANGER","NEUTRAL",FALSE
"525","WM-011","FEAR","SURPRISE",FALSE
"526","WM-041","HAPPINESS","HAPPINESS",TRUE
"527","WM-041","ANGER","NEUTRAL",FALSE
"528","WM-041","NEUTRAL","NEUTRAL",TRUE
"529","WM-252","NEUTRAL","NEUTRAL",TRUE
"530","WM-037","NEUTRAL","NEUTRAL",TRUE
"531","WM-037","HAPPINESS","HAPPINESS",TRUE
"532","WM-037","FEAR","SURPRISE",FALSE
"533","WM-037","ANGER","ANGER",TRUE
"534","WM-037","HAPPINESS","HAPPINESS",TRUE
"535","WM-220","NEUTRAL","NEUTRAL",TRUE
"536","WM-208","NEUTRAL","NEUTRAL",TRUE
"537","WM-031","FEAR","SURPRISE",FALSE
"538","WM-031","NEUTRAL","NEUTRAL",TRUE
"539","WM-031","HAPPINESS","HAPPINESS",TRUE
"540","WM-031","HAPPINESS","HAPPINESS",TRUE
"541","WM-031","ANGER","ANGER",TRUE
"542","WM-013","NEUTRAL","NEUTRAL",TRUE
"543","WM-013","HAPPINESS","HAPPINESS",TRUE
"544","WM-013","HAPPINESS","HAPPINESS",TRUE
"545","WM-013","FEAR","SURPRISE",FALSE
"546","WM-013","ANGER","NEUTRAL",FALSE
"547","WM-206","NEUTRAL","NEUTRAL",TRUE
"548","WM-217","NEUTRAL","NEUTRAL",TRUE
"549","WM-016","ANGER","NEUTRAL",FALSE
"550","WM-016","HAPPINESS","HAPPINESS",TRUE
"551","WM-016","NEUTRAL","NEUTRAL",TRUE
"552","WM-016","HAPPINESS","HAPPINESS",TRUE
"553","WM-006","ANGER","NEUTRAL",FALSE
"554","WM-006","HAPPINESS","HAPPINESS",TRUE
"555","WM-006","FEAR","SURPRISE",FALSE
"556","WM-006","NEUTRAL","NEUTRAL",TRUE
"557","WM-006","HAPPINESS","HAPPINESS",TRUE
"558","WM-244","NEUTRAL","NEUTRAL",TRUE
"559","WM-201","NEUTRAL","NEUTRAL",TRUE
"560","WM-004","NEUTRAL","NEUTRAL",TRUE
"561","WM-004","HAPPINESS","HAPPINESS",TRUE
"562","WM-004","FEAR","SURPRISE",FALSE
"563","WM-004","ANGER","ANGER",TRUE
"564","WM-004","HAPPINESS","HAPPINESS",TRUE
"565","WM-242","NEUTRAL","NEUTRAL",TRUE
"566","WM-243","NEUTRAL","NEUTRAL",TRUE
"567","WM-221","NEUTRAL","NEUTRAL",TRUE
"568","WM-233","NEUTRAL","NEUTRAL",TRUE
"569","WF-233","NEUTRAL","NEUTRAL",TRUE
"570","WF-216","NEUTRAL","NEUTRAL",TRUE
"571","WF-212","NEUTRAL","NEUTRAL",TRUE
"572","WF-201","NEUTRAL","NEUTRAL",TRUE
"573","WF-252","NEUTRAL","NEUTRAL",TRUE
"574","WF-238","NEUTRAL","NEUTRAL",TRUE
"575","WF-210","NEUTRAL","NEUTRAL",TRUE
"576","WF-012","ANGER","NEUTRAL",FALSE
"577","WF-012","FEAR","SADNESS",FALSE
"578","WF-012","HAPPINESS","HAPPINESS",TRUE
"579","WF-012","HAPPINESS","HAPPINESS",TRUE
"580","WF-012","NEUTRAL","NEUTRAL",TRUE
"581","WF-014","HAPPINESS","HAPPINESS",TRUE
"582","WF-014","NEUTRAL","NEUTRAL",TRUE
"583","WF-014","HAPPINESS","HAPPINESS",TRUE
"584","WF-014","FEAR","HAPPINESS",FALSE
"585","WF-014","ANGER","NEUTRAL",FALSE
"586","WF-232","NEUTRAL","NEUTRAL",TRUE
"587","WF-037","FEAR","FEAR",TRUE
"588","WF-037","ANGER","ANGER",TRUE
"589","WF-037","NEUTRAL","NEUTRAL",TRUE
"590","WF-037","HAPPINESS","HAPPINESS",TRUE
"591","WF-009","FEAR","NEUTRAL",FALSE
"592","WF-009","ANGER","NEUTRAL",FALSE
"593","WF-009","HAPPINESS","HAPPINESS",TRUE
"594","WF-009","HAPPINESS","HAPPINESS",TRUE
"595","WF-009","NEUTRAL","NEUTRAL",TRUE
"596","WF-017","FEAR","HAPPINESS",FALSE
"597","WF-017","ANGER","NEUTRAL",FALSE
"598","WF-017","HAPPINESS","HAPPINESS",TRUE
"599","WF-017","HAPPINESS","HAPPINESS",TRUE
"600","WF-017","NEUTRAL","NEUTRAL",TRUE
"601","WF-221","NEUTRAL","NEUTRAL",TRUE
"602","WF-211","NEUTRAL","NEUTRAL",TRUE
"603","WF-208","NEUTRAL","NEUTRAL",TRUE
"604","WF-028","FEAR","HAPPINESS",FALSE
"605","WF-028","ANGER","ANGER",TRUE
"606","WF-028","HAPPINESS","HAPPINESS",TRUE
"607","WF-028","HAPPINESS","HAPPINESS",TRUE
"608","WF-028","NEUTRAL","NEUTRAL",TRUE
"609","WF-214","NEUTRAL","NEUTRAL",TRUE
"610","WF-035","NEUTRAL","NEUTRAL",TRUE
"611","WF-035","ANGER","NEUTRAL",FALSE
"612","WF-035","HAPPINESS","HAPPINESS",TRUE
"613","WF-035","HAPPINESS","HAPPINESS",TRUE
"614","WF-035","FEAR","HAPPINESS",FALSE
"615","WF-250","NEUTRAL","NEUTRAL",TRUE
"616","WF-016","ANGER","ANGER",TRUE
"617","WF-016","NEUTRAL","NEUTRAL",TRUE
"618","WF-016","HAPPINESS","HAPPINESS",TRUE
"619","WF-016","HAPPINESS","HAPPINESS",TRUE
"620","WF-016","FEAR","SADNESS",FALSE
"621","WF-034","FEAR","SURPRISE",FALSE
"622","WF-034","HAPPINESS","HAPPINESS",TRUE
"623","WF-034","ANGER","ANGER",TRUE
"624","WF-034","NEUTRAL","NEUTRAL",TRUE
"625","WF-034","HAPPINESS","HAPPINESS",TRUE
"626","WF-246","NEUTRAL","NEUTRAL",TRUE
"627","WF-237","NEUTRAL","NEUTRAL",TRUE
"628","WF-251","NEUTRAL","NEUTRAL",TRUE
"629","WF-039","NEUTRAL","NEUTRAL",TRUE
"630","WF-039","HAPPINESS","HAPPINESS",TRUE
"631","WF-039","ANGER","NEUTRAL",FALSE
"632","WF-039","HAPPINESS","HAPPINESS",TRUE
"633","WF-039","FEAR","HAPPINESS",FALSE
"634","WF-026","ANGER","NEUTRAL",FALSE
"635","WF-026","FEAR","SADNESS",FALSE
"636","WF-026","HAPPINESS","HAPPINESS",TRUE
"637","WF-026","HAPPINESS","HAPPINESS",TRUE
"638","WF-026","NEUTRAL","NEUTRAL",TRUE
"639","WF-021","ANGER","DISGUST",FALSE
"640","WF-021","NEUTRAL","NEUTRAL",TRUE
"641","WF-021","HAPPINESS","HAPPINESS",TRUE
"642","WF-021","HAPPINESS","HAPPINESS",TRUE
"643","WF-021","FEAR","FEAR",TRUE
"644","WF-038","ANGER","CONTEMPT",FALSE
"645","WF-038","HAPPINESS","HAPPINESS",TRUE
"646","WF-038","HAPPINESS","HAPPINESS",TRUE
"647","WF-038","NEUTRAL","NEUTRAL",TRUE
"648","WF-038","FEAR","SURPRISE",FALSE
"649","WF-220","NEUTRAL","NEUTRAL",TRUE
"650","WF-219","NEUTRAL","NEUTRAL",TRUE
"651","WF-029","HAPPINESS","HAPPINESS",TRUE
"652","WF-029","ANGER","ANGER",TRUE
"653","WF-029","HAPPINESS","HAPPINESS",TRUE
"654","WF-029","FEAR","SADNESS",FALSE
"655","WF-029","NEUTRAL","NEUTRAL",TRUE
"656","WF-206","NEUTRAL","NEUTRAL",TRUE
"657","WF-006","FEAR","SURPRISE",FALSE
"658","WF-006","ANGER","NEUTRAL",FALSE
"659","WF-006","HAPPINESS","HAPPINESS",TRUE
"660","WF-006","NEUTRAL","NEUTRAL",TRUE
"661","WF-006","HAPPINESS","HAPPINESS",TRUE
"662","WF-209","NEUTRAL","NEUTRAL",TRUE
"663","WF-011","FEAR","SURPRISE",FALSE
"664","WF-011","HAPPINESS","HAPPINESS",TRUE
"665","WF-011","ANGER","ANGER",TRUE
"666","WF-011","NEUTRAL","NEUTRAL",TRUE
"667","WF-011","HAPPINESS","HAPPINESS",TRUE
"668","WF-217","NEUTRAL","NEUTRAL",TRUE
"669","WF-033","NEUTRAL","NEUTRAL",TRUE
"670","WF-033","ANGER","NEUTRAL",FALSE
"671","WF-033","HAPPINESS","HAPPINESS",TRUE
"672","WF-033","HAPPINESS","HAPPINESS",TRUE
"673","WF-033","FEAR","SURPRISE",FALSE
"674","WF-013","HAPPINESS","HAPPINESS",TRUE
"675","WF-013","FEAR","HAPPINESS",FALSE
"676","WF-013","HAPPINESS","HAPPINESS",TRUE
"677","WF-013","NEUTRAL","NEUTRAL",TRUE
"678","WF-013","ANGER","CONTEMPT",FALSE
"679","WF-248","NEUTRAL","NEUTRAL",TRUE
"680","WF-005","HAPPINESS","HAPPINESS",TRUE
"681","WF-005","NEUTRAL","NEUTRAL",TRUE
"682","WF-005","HAPPINESS","HAPPINESS",TRUE
"683","WF-005","FEAR","SURPRISE",FALSE
"684","WF-005","ANGER","NEUTRAL",FALSE
"685","WF-001","HAPPINESS","HAPPINESS",TRUE
"686","WF-001","NEUTRAL","NEUTRAL",TRUE
"687","WF-001","FEAR","SURPRISE",FALSE
"688","WF-001","ANGER","ANGER",TRUE
"689","WF-001","HAPPINESS","HAPPINESS",TRUE
"690","WF-245","NEUTRAL","NEUTRAL",TRUE
"691","WF-036","ANGER","ANGER",TRUE
"692","WF-036","FEAR","SADNESS",FALSE
"693","WF-036","HAPPINESS","HAPPINESS",TRUE
"694","WF-036","NEUTRAL","NEUTRAL",TRUE
"695","WF-036","HAPPINESS","HAPPINESS",TRUE
"696","WF-024","NEUTRAL","NEUTRAL",TRUE
"697","WF-024","HAPPINESS","HAPPINESS",TRUE
"698","WF-024","FEAR","FEAR",TRUE
"699","WF-024","ANGER","ANGER",TRUE
"700","WF-024","HAPPINESS","HAPPINESS",TRUE
"701","WF-213","NEUTRAL","NEUTRAL",TRUE
"702","WF-022","ANGER","ANGER",TRUE
"703","WF-022","HAPPINESS","HAPPINESS",TRUE
"704","WF-022","NEUTRAL","NEUTRAL",TRUE
"705","WF-022","HAPPINESS","HAPPINESS",TRUE
"706","WF-022","FEAR","HAPPINESS",FALSE
"707","WF-020","FEAR","SADNESS",FALSE
"708","WF-020","NEUTRAL","NEUTRAL",TRUE
"709","WF-020","ANGER","ANGER",TRUE
"710","WF-020","HAPPINESS","HAPPINESS",TRUE
"711","WF-020","HAPPINESS","HAPPINESS",TRUE
"712","WF-019","HAPPINESS","HAPPINESS",TRUE
"713","WF-019","NEUTRAL","NEUTRAL",TRUE
"714","WF-019","ANGER","ANGER",TRUE
"715","WF-019","HAPPINESS","HAPPINESS",TRUE
"716","WF-019","FEAR","NEUTRAL",FALSE
"717","WF-031","HAPPINESS","HAPPINESS",TRUE
"718","WF-031","HAPPINESS","HAPPINESS",TRUE
"719","WF-031","FEAR","FEAR",TRUE
"720","WF-031","ANGER","NEUTRAL",FALSE
"721","WF-031","NEUTRAL","NEUTRAL",TRUE
"722","WF-205","NEUTRAL","NEUTRAL",TRUE
"723","WF-236","NEUTRAL","NEUTRAL",TRUE
"724","WF-018","HAPPINESS","HAPPINESS",TRUE
"725","WF-018","NEUTRAL","NEUTRAL",TRUE
"726","WF-018","FEAR","HAPPINESS",FALSE
"727","WF-018","HAPPINESS","HAPPINESS",TRUE
"728","WF-018","ANGER","NEUTRAL",FALSE
"729","WF-215","NEUTRAL","NEUTRAL",TRUE
"730","WF-225","NEUTRAL","NEUTRAL",TRUE
"731","WF-229","NEUTRAL","NEUTRAL",TRUE
"732","WF-226","NEUTRAL","NEUTRAL",TRUE
"733","WF-010","ANGER","NEUTRAL",FALSE
"734","WF-010","NEUTRAL","NEUTRAL",TRUE
"735","WF-010","FEAR","HAPPINESS",FALSE
"736","WF-010","HAPPINESS","HAPPINESS",TRUE
"737","WF-010","HAPPINESS","HAPPINESS",TRUE
"738","WF-224","NEUTRAL","NEUTRAL",TRUE
"739","WF-008","ANGER","CONTEMPT",FALSE
"740","WF-008","FEAR","SURPRISE",FALSE
"741","WF-008","HAPPINESS","HAPPINESS",TRUE
"742","WF-008","NEUTRAL","NEUTRAL",TRUE
"743","WF-008","HAPPINESS","HAPPINESS",TRUE
"744","WF-227","NEUTRAL","NEUTRAL",TRUE
"745","WF-244","NEUTRAL","NEUTRAL",TRUE
"746","WF-204","NEUTRAL","NEUTRAL",TRUE
"747","WF-007","NEUTRAL","NEUTRAL",TRUE
"748","WF-007","ANGER","ANGER",TRUE
"749","WF-007","HAPPINESS","HAPPINESS",TRUE
"750","WF-007","FEAR","SURPRISE",FALSE
"751","WF-007","HAPPINESS","HAPPINESS",TRUE
"752","WF-223","NEUTRAL","NEUTRAL",TRUE
"753","WF-025","FEAR","FEAR",TRUE
"754","WF-025","HAPPINESS","HAPPINESS",TRUE
"755","WF-025","NEUTRAL","NEUTRAL",TRUE
"756","WF-025","HAPPINESS","HAPPINESS",TRUE
"757","WF-025","ANGER","NEUTRAL",FALSE
"758","WF-247","NEUTRAL","NEUTRAL",TRUE
"759","WF-249","NEUTRAL","NEUTRAL",TRUE
"760","WF-234","NEUTRAL","NEUTRAL",TRUE
"761","WF-230","NEUTRAL","NEUTRAL",TRUE
"762","WF-228","NEUTRAL","NEUTRAL",TRUE
"763","WF-243","NEUTRAL","NEUTRAL",TRUE
"764","WF-015","HAPPINESS","HAPPINESS",TRUE
"765","WF-015","NEUTRAL","NEUTRAL",TRUE
"766","WF-015","ANGER","NEUTRAL",FALSE
"767","WF-015","FEAR","SURPRISE",FALSE
"768","WF-015","HAPPINESS","HAPPINESS",TRUE
"769","WF-240","NEUTRAL","NEUTRAL",TRUE
"770","WF-222","NEUTRAL","NEUTRAL",TRUE
"771","WF-242","NEUTRAL","NEUTRAL",TRUE
"772","WF-023","HAPPINESS","HAPPINESS",TRUE
"773","WF-023","HAPPINESS","HAPPINESS",TRUE
"774","WF-023","FEAR","FEAR",TRUE
"775","WF-023","NEUTRAL","NEUTRAL",TRUE
"776","WF-023","ANGER","ANGER",TRUE
"777","WF-030","HAPPINESS","HAPPINESS",TRUE
"778","WF-030","NEUTRAL","NEUTRAL",TRUE
"779","WF-030","ANGER","ANGER",TRUE
"780","WF-030","FEAR","SADNESS",FALSE
"781","WF-030","HAPPINESS","HAPPINESS",TRUE
"782","WF-239","NEUTRAL","NEUTRAL",TRUE
"783","WF-231","NEUTRAL","NEUTRAL",TRUE
"784","WF-003","FEAR","HAPPINESS",FALSE
"785","WF-003","ANGER","NEUTRAL",FALSE
"786","WF-003","NEUTRAL","NEUTRAL",TRUE
"787","WF-003","HAPPINESS","HAPPINESS",TRUE
"788","WF-003","HAPPINESS","HAPPINESS",TRUE
"789","WF-027","FEAR","ANGER",FALSE
"790","WF-027","NEUTRAL","NEUTRAL",TRUE
"791","WF-027","ANGER","NEUTRAL",FALSE
"792","WF-027","HAPPINESS","HAPPINESS",TRUE
"793","WF-027","HAPPINESS","HAPPINESS",TRUE
"794","WF-218","NEUTRAL","NEUTRAL",TRUE
"795","WF-202","NEUTRAL","NEUTRAL",TRUE
"796","WF-200","NEUTRAL","NEUTRAL",TRUE
"797","WF-241","NEUTRAL","NEUTRAL",TRUE
"798","WF-207","NEUTRAL","NEUTRAL",TRUE
"799","WF-002","ANGER","HAPPINESS",FALSE
"800","WF-002","HAPPINESS","HAPPINESS",TRUE
"801","WF-002","FEAR","HAPPINESS",FALSE
"802","WF-002","NEUTRAL","NEUTRAL",TRUE
"803","WF-203","NEUTRAL","NEUTRAL",TRUE
"804","WF-235","NEUTRAL","NEUTRAL",TRUE
"805","LM-214","NEUTRAL","NEUTRAL",TRUE
"806","LM-220","NEUTRAL","NEUTRAL",TRUE
"807","LM-250","NEUTRAL","NEUTRAL",TRUE
"808","LM-202","NEUTRAL","NEUTRAL",TRUE
"809","LM-253","NEUTRAL","NEUTRAL",TRUE
"810","LM-246","NEUTRAL","NEUTRAL",TRUE
"811","LM-224","NEUTRAL","NEUTRAL",TRUE
"812","LM-238","NEUTRAL","NEUTRAL",TRUE
"813","LM-236","NEUTRAL","NEUTRAL",TRUE
"814","LM-215","NEUTRAL","NEUTRAL",TRUE
"815","LM-243","NEUTRAL","NEUTRAL",TRUE
"816","LM-223","NEUTRAL","NEUTRAL",TRUE
"817","LM-240","NEUTRAL","NEUTRAL",TRUE
"818","LM-221","NEUTRAL","NEUTRAL",TRUE
"819","LM-230","NEUTRAL","NEUTRAL",TRUE
"820","LM-210","NEUTRAL","NEUTRAL",TRUE
"821","LM-247","NEUTRAL","NEUTRAL",TRUE
"822","LM-212","NEUTRAL","NEUTRAL",TRUE
"823","LM-235","NEUTRAL","NEUTRAL",TRUE
"824","LM-242","NEUTRAL","NEUTRAL",TRUE
"825","LM-213","NEUTRAL","NEUTRAL",TRUE
"826","LM-232","NEUTRAL","NEUTRAL",TRUE
"827","LM-249","NEUTRAL","NEUTRAL",TRUE
"828","LM-244","NEUTRAL","NEUTRAL",TRUE
"829","LM-218","NEUTRAL","NEUTRAL",TRUE
"830","LM-226","NEUTRAL","NEUTRAL",TRUE
"831","LM-234","NEUTRAL","NEUTRAL",TRUE
"832","LM-229","NEUTRAL","NEUTRAL",TRUE
"833","LM-201","NEUTRAL","NEUTRAL",TRUE
"834","LM-251","NEUTRAL","NEUTRAL",TRUE
"835","LM-207","NEUTRAL","NEUTRAL",TRUE
"836","LM-228","NEUTRAL","NEUTRAL",TRUE
"837","LM-233","NEUTRAL","NEUTRAL",TRUE
"838","LM-200","NEUTRAL","NEUTRAL",TRUE
"839","LM-237","NEUTRAL","NEUTRAL",TRUE
"840","LM-211","NEUTRAL","NEUTRAL",TRUE
"841","LM-225","NEUTRAL","NEUTRAL",TRUE
"842","LM-216","NEUTRAL","NEUTRAL",TRUE
"843","LM-204","NEUTRAL","NEUTRAL",TRUE
"844","LM-222","NEUTRAL","NEUTRAL",TRUE
"845","LM-203","NEUTRAL","NEUTRAL",TRUE
"846","LM-227","NEUTRAL","NEUTRAL",TRUE
"847","LM-252","NEUTRAL","NEUTRAL",TRUE
"848","LM-231","NEUTRAL","NEUTRAL",TRUE
"849","LM-241","NEUTRAL","NEUTRAL",TRUE
"850","LM-208","NEUTRAL","NEUTRAL",TRUE
"851","LM-248","NEUTRAL","NEUTRAL",TRUE
"852","LM-206","NEUTRAL","NEUTRAL",TRUE
"853","LM-217","NEUTRAL","NEUTRAL",TRUE
"854","LM-239","NEUTRAL","NEUTRAL",TRUE
"855","LM-219","NEUTRAL","NEUTRAL",TRUE
"856","LM-209","NEUTRAL","NEUTRAL",TRUE
"857","BF-045","FEAR","FEAR",TRUE
"858","BF-045","HAPPINESS","HAPPINESS",TRUE
"859","BF-045","ANGER","NEUTRAL",FALSE
"860","BF-045","NEUTRAL","NEUTRAL",TRUE
"861","BF-045","HAPPINESS","HAPPINESS",TRUE
"862","BF-246","NEUTRAL","NEUTRAL",TRUE
"863","BF-038","NEUTRAL","NEUTRAL",TRUE
"864","BF-038","HAPPINESS","HAPPINESS",TRUE
"865","BF-038","ANGER","ANGER",TRUE
"866","BF-038","FEAR","FEAR",TRUE
"867","BF-038","HAPPINESS","HAPPINESS",TRUE
"868","BF-015","ANGER","NEUTRAL",FALSE
"869","BF-015","HAPPINESS","HAPPINESS",TRUE
"870","BF-015","FEAR","SADNESS",FALSE
"871","BF-015","NEUTRAL","NEUTRAL",TRUE
"872","BF-015","HAPPINESS","HAPPINESS",TRUE
"873","BF-248","NEUTRAL","NEUTRAL",TRUE
"874","BF-034","HAPPINESS","HAPPINESS",TRUE
"875","BF-034","HAPPINESS","HAPPINESS",TRUE
"876","BF-034","FEAR","NEUTRAL",FALSE
"877","BF-034","ANGER","ANGER",TRUE
"878","BF-034","NEUTRAL","NEUTRAL",TRUE
"879","BF-007","NEUTRAL","SADNESS",FALSE
"880","BF-007","HAPPINESS","HAPPINESS",TRUE
"881","BF-007","HAPPINESS","HAPPINESS",TRUE
"882","BF-007","FEAR","NEUTRAL",FALSE
"883","BF-007","ANGER","ANGER",TRUE
"884","BF-032","ANGER","NEUTRAL",FALSE
"885","BF-032","HAPPINESS","HAPPINESS",TRUE
"886","BF-032","HAPPINESS","HAPPINESS",TRUE
"887","BF-032","FEAR","HAPPINESS",FALSE
"888","BF-032","NEUTRAL","NEUTRAL",TRUE
"889","BF-208","NEUTRAL","NEUTRAL",TRUE
"890","BF-041","HAPPINESS","HAPPINESS",TRUE
"891","BF-041","FEAR","NEUTRAL",FALSE
"892","BF-041","NEUTRAL","NEUTRAL",TRUE
"893","BF-041","ANGER","NEUTRAL",FALSE
"894","BF-041","HAPPINESS","HAPPINESS",TRUE
"895","BF-223","NEUTRAL","NEUTRAL",TRUE
"896","BF-224","NEUTRAL","NEUTRAL",TRUE
"897","BF-232","NEUTRAL","NEUTRAL",TRUE
"898","BF-001","ANGER","ANGER",TRUE
"899","BF-001","NEUTRAL","NEUTRAL",TRUE
"900","BF-001","HAPPINESS","HAPPINESS",TRUE
"901","BF-001","FEAR","SURPRISE",FALSE
"902","BF-001","HAPPINESS","HAPPINESS",TRUE
"903","BF-200","NEUTRAL","NEUTRAL",TRUE
"904","BF-255","NEUTRAL","NEUTRAL",TRUE
"905","BF-238","NEUTRAL","NEUTRAL",TRUE
"906","BF-247","NEUTRAL","NEUTRAL",TRUE
"907","BF-042","HAPPINESS","HAPPINESS",TRUE
"908","BF-042","ANGER","ANGER",TRUE
"909","BF-042","NEUTRAL","NEUTRAL",TRUE
"910","BF-042","FEAR","SURPRISE",FALSE
"911","BF-042","HAPPINESS","HAPPINESS",TRUE
"912","BF-202","NEUTRAL","SADNESS",FALSE
"913","BF-245","NEUTRAL","NEUTRAL",TRUE
"914","BF-252","NEUTRAL","NEUTRAL",TRUE
"915","BF-028","ANGER","NEUTRAL",FALSE
"916","BF-028","HAPPINESS","HAPPINESS",TRUE
"917","BF-028","HAPPINESS","HAPPINESS",TRUE
"918","BF-028","NEUTRAL","NEUTRAL",TRUE
"919","BF-028","FEAR","HAPPINESS",FALSE
"920","BF-211","NEUTRAL","NEUTRAL",TRUE
"921","BF-006","FEAR","HAPPINESS",FALSE
"922","BF-006","NEUTRAL","NEUTRAL",TRUE
"923","BF-006","HAPPINESS","HAPPINESS",TRUE
"924","BF-006","ANGER","ANGER",TRUE
"925","BF-006","HAPPINESS","HAPPINESS",TRUE
"926","BF-209","NEUTRAL","NEUTRAL",TRUE
"927","BF-043","FEAR","HAPPINESS",FALSE
"928","BF-043","NEUTRAL","NEUTRAL",TRUE
"929","BF-043","HAPPINESS","HAPPINESS",TRUE
"930","BF-043","HAPPINESS","HAPPINESS",TRUE
"931","BF-043","ANGER","SADNESS",FALSE
"932","BF-228","NEUTRAL","NEUTRAL",TRUE
"933","BF-050","FEAR","SURPRISE",FALSE
"934","BF-050","NEUTRAL","NEUTRAL",TRUE
"935","BF-050","HAPPINESS","HAPPINESS",TRUE
"936","BF-050","HAPPINESS","HAPPINESS",TRUE
"937","BF-050","ANGER","ANGER",TRUE
"938","BF-227","NEUTRAL","NEUTRAL",TRUE
"939","BF-229","NEUTRAL","NEUTRAL",TRUE
"940","BF-033","NEUTRAL","NEUTRAL",TRUE
"941","BF-033","HAPPINESS","HAPPINESS",TRUE
"942","BF-033","FEAR","SADNESS",FALSE
"943","BF-033","ANGER","NEUTRAL",FALSE
"944","BF-033","HAPPINESS","HAPPINESS",TRUE
"945","BF-251","NEUTRAL","NEUTRAL",TRUE
"946","BF-213","NEUTRAL","NEUTRAL",TRUE
"947","BF-243","NEUTRAL","NEUTRAL",TRUE
"948","BF-044","HAPPINESS","HAPPINESS",TRUE
"949","BF-044","HAPPINESS","HAPPINESS",TRUE
"950","BF-044","NEUTRAL","NEUTRAL",TRUE
"951","BF-044","FEAR","SURPRISE",FALSE
"952","BF-044","ANGER","NEUTRAL",FALSE
"953","BF-013","FEAR","SURPRISE",FALSE
"954","BF-013","HAPPINESS","HAPPINESS",TRUE
"955","BF-013","NEUTRAL","NEUTRAL",TRUE
"956","BF-013","ANGER","NEUTRAL",FALSE
"957","BF-013","HAPPINESS","HAPPINESS",TRUE
"958","BF-221","NEUTRAL","NEUTRAL",TRUE
"959","BF-239","NEUTRAL","NEUTRAL",TRUE
"960","BF-216","NEUTRAL","NEUTRAL",TRUE
"961","BF-018","HAPPINESS","HAPPINESS",TRUE
"962","BF-018","HAPPINESS","HAPPINESS",TRUE
"963","BF-018","FEAR","HAPPINESS",FALSE
"964","BF-018","ANGER","ANGER",TRUE
"965","BF-018","NEUTRAL","NEUTRAL",TRUE
"966","BF-201","NEUTRAL","NEUTRAL",TRUE
"967","BF-039","HAPPINESS","HAPPINESS",TRUE
"968","BF-039","HAPPINESS","HAPPINESS",TRUE
"969","BF-039","ANGER","ANGER",TRUE
"970","BF-039","NEUTRAL","NEUTRAL",TRUE
"971","BF-039","FEAR","SADNESS",FALSE
"972","BF-203","NEUTRAL","SADNESS",FALSE
"973","BF-231","NEUTRAL","NEUTRAL",TRUE
"974","BF-236","NEUTRAL","NEUTRAL",TRUE
"975","BF-016","NEUTRAL","NEUTRAL",TRUE
"976","BF-016","HAPPINESS","HAPPINESS",TRUE
"977","BF-016","ANGER","NEUTRAL",FALSE
"978","BF-016","FEAR","SURPRISE",FALSE
"979","BF-016","HAPPINESS","HAPPINESS",TRUE
"980","BF-218","NEUTRAL","NEUTRAL",TRUE
"981","BF-210","NEUTRAL","NEUTRAL",TRUE
"982","BF-242","NEUTRAL","NEUTRAL",TRUE
"983","BF-212","NEUTRAL","NEUTRAL",TRUE
"984","BF-235","NEUTRAL","SADNESS",FALSE
"985","BF-215","NEUTRAL","SURPRISE",FALSE
"986","BF-011","NEUTRAL","NEUTRAL",TRUE
"987","BF-011","HAPPINESS","HAPPINESS",TRUE
"988","BF-011","FEAR","SURPRISE",FALSE
"989","BF-011","HAPPINESS","HAPPINESS",TRUE
"990","BF-011","ANGER","NEUTRAL",FALSE
"991","BF-048","NEUTRAL","NEUTRAL",TRUE
"992","BF-048","HAPPINESS","HAPPINESS",TRUE
"993","BF-048","ANGER","DISGUST",FALSE
"994","BF-048","FEAR","SURPRISE",FALSE
"995","BF-048","HAPPINESS","HAPPINESS",TRUE
"996","BF-012","NEUTRAL","NEUTRAL",TRUE
"997","BF-012","FEAR","SURPRISE",FALSE
"998","BF-012","HAPPINESS","HAPPINESS",TRUE
"999","BF-012","ANGER","NEUTRAL",FALSE
"1000","BF-012","HAPPINESS","HAPPINESS",TRUE
"1001","BF-219","NEUTRAL","NEUTRAL",TRUE
"1002","BF-226","NEUTRAL","NEUTRAL",TRUE
"1003","BF-031","FEAR","HAPPINESS",FALSE
"1004","BF-031","ANGER","ANGER",TRUE
"1005","BF-031","NEUTRAL","NEUTRAL",TRUE
"1006","BF-031","HAPPINESS","HAPPINESS",TRUE
"1007","BF-031","HAPPINESS","HAPPINESS",TRUE
"1008","BF-230","NEUTRAL","NEUTRAL",TRUE
"1009","BF-220","NEUTRAL","NEUTRAL",TRUE
"1010","BF-036","HAPPINESS","HAPPINESS",TRUE
"1011","BF-036","NEUTRAL","NEUTRAL",TRUE
"1012","BF-036","ANGER","DISGUST",FALSE
"1013","BF-036","HAPPINESS","HAPPINESS",TRUE
"1014","BF-036","FEAR","CONTEMPT",FALSE
"1015","BF-029","HAPPINESS","HAPPINESS",TRUE
"1016","BF-029","FEAR","SURPRISE",FALSE
"1017","BF-029","ANGER","ANGER",TRUE
"1018","BF-029","NEUTRAL","NEUTRAL",TRUE
"1019","BF-029","HAPPINESS","HAPPINESS",TRUE
"1020","BF-217","NEUTRAL","NEUTRAL",TRUE
"1021","BF-237","NEUTRAL","NEUTRAL",TRUE
"1022","BF-205","NEUTRAL","NEUTRAL",TRUE
"1023","BF-020","HAPPINESS","HAPPINESS",TRUE
"1024","BF-020","NEUTRAL","NEUTRAL",TRUE
"1025","BF-020","HAPPINESS","HAPPINESS",TRUE
"1026","BF-020","ANGER","NEUTRAL",FALSE
"1027","BF-020","FEAR","HAPPINESS",FALSE
"1028","BF-023","HAPPINESS","HAPPINESS",TRUE
"1029","BF-023","HAPPINESS","HAPPINESS",TRUE
"1030","BF-023","ANGER","NEUTRAL",FALSE
"1031","BF-023","NEUTRAL","NEUTRAL",TRUE
"1032","BF-023","FEAR","SURPRISE",FALSE
"1033","BF-222","NEUTRAL","NEUTRAL",TRUE
"1034","BF-233","NEUTRAL","NEUTRAL",TRUE
"1035","BF-047","ANGER","ANGER",TRUE
"1036","BF-047","HAPPINESS","HAPPINESS",TRUE
"1037","BF-047","HAPPINESS","HAPPINESS",TRUE
"1038","BF-047","FEAR","FEAR",TRUE
"1039","BF-047","NEUTRAL","NEUTRAL",TRUE
"1040","BF-025","FEAR","SURPRISE",FALSE
"1041","BF-025","ANGER","ANGER",TRUE
"1042","BF-025","NEUTRAL","NEUTRAL",TRUE
"1043","BF-025","HAPPINESS","HAPPINESS",TRUE
"1044","BF-025","HAPPINESS","HAPPINESS",TRUE
"1045","BF-254","NEUTRAL","NEUTRAL",TRUE
"1046","BF-244","NEUTRAL","NEUTRAL",TRUE
"1047","BF-204","NEUTRAL","NEUTRAL",TRUE
"1048","BF-207","NEUTRAL","NEUTRAL",TRUE
"1049","BF-249","NEUTRAL","NEUTRAL",TRUE
"1050","BF-234","NEUTRAL","NEUTRAL",TRUE
"1051","BF-021","HAPPINESS","HAPPINESS",TRUE
"1052","BF-021","FEAR","SURPRISE",FALSE
"1053","BF-021","HAPPINESS","HAPPINESS",TRUE
"1054","BF-021","ANGER","ANGER",TRUE
"1055","BF-021","NEUTRAL","NEUTRAL",TRUE
"1056","BF-005","FEAR","SURPRISE",FALSE
"1057","BF-005","HAPPINESS","NEUTRAL",FALSE
"1058","BF-005","ANGER","ANGER",TRUE
"1059","BF-005","HAPPINESS","HAPPINESS",TRUE
"1060","BF-005","NEUTRAL","NEUTRAL",TRUE
"1061","BF-225","NEUTRAL","NEUTRAL",TRUE
"1062","BF-051","HAPPINESS","HAPPINESS",TRUE
"1063","BF-051","HAPPINESS","HAPPINESS",TRUE
"1064","BF-051","NEUTRAL","NEUTRAL",TRUE
"1065","BF-051","FEAR","SURPRISE",FALSE
"1066","BF-051","ANGER","ANGER",TRUE
"1067","BF-214","NEUTRAL","NEUTRAL",TRUE
"1068","BF-049","FEAR","SURPRISE",FALSE
"1069","BF-049","HAPPINESS","HAPPINESS",TRUE
"1070","BF-049","ANGER","NEUTRAL",FALSE
"1071","BF-049","HAPPINESS","HAPPINESS",TRUE
"1072","BF-049","NEUTRAL","NEUTRAL",TRUE
"1073","BF-009","HAPPINESS","HAPPINESS",TRUE
"1074","BF-009","FEAR","SURPRISE",FALSE
"1075","BF-009","HAPPINESS","HAPPINESS",TRUE
"1076","BF-009","ANGER","NEUTRAL",FALSE
"1077","BF-009","NEUTRAL","NEUTRAL",TRUE
"1078","BF-250","NEUTRAL","NEUTRAL",TRUE
"1079","BF-241","NEUTRAL","NEUTRAL",TRUE
"1080","BF-010","HAPPINESS","HAPPINESS",TRUE
"1081","BF-010","NEUTRAL","NEUTRAL",TRUE
"1082","BF-010","ANGER","NEUTRAL",FALSE
"1083","BF-010","FEAR","SURPRISE",FALSE
"1084","BF-010","HAPPINESS","HAPPINESS",TRUE
"1085","BF-037","HAPPINESS","HAPPINESS",TRUE
"1086","BF-037","ANGER","NEUTRAL",FALSE
"1087","BF-037","NEUTRAL","NEUTRAL",TRUE
"1088","BF-037","FEAR","SURPRISE",FALSE
"1089","BF-037","HAPPINESS","HAPPINESS",TRUE
"1090","BF-008","HAPPINESS","NEUTRAL",FALSE
"1091","BF-008","ANGER","NEUTRAL",FALSE
"1092","BF-008","NEUTRAL","NEUTRAL",TRUE
"1093","BF-008","FEAR","SURPRISE",FALSE
"1094","BF-008","HAPPINESS","HAPPINESS",TRUE
"1095","BF-240","NEUTRAL","NEUTRAL",TRUE
"1096","BF-040","HAPPINESS","HAPPINESS",TRUE
"1097","BF-040","FEAR","SURPRISE",FALSE
"1098","BF-040","HAPPINESS","HAPPINESS",TRUE
"1099","BF-040","ANGER","NEUTRAL",FALSE
"1100","BF-040","NEUTRAL","NEUTRAL",TRUE
"1101","BF-253","NEUTRAL","NEUTRAL",TRUE
"1102","BF-024","FEAR","SURPRISE",FALSE
"1103","BF-024","NEUTRAL","NEUTRAL",TRUE
"1104","BF-024","ANGER","CONTEMPT",FALSE
"1105","BF-024","HAPPINESS","HAPPINESS",TRUE
"1106","BF-024","HAPPINESS","HAPPINESS",TRUE
"1107","BF-004","ANGER","ANGER",TRUE
"1108","BF-004","FEAR","SURPRISE",FALSE
"1109","BF-004","HAPPINESS","HAPPINESS",TRUE
"1110","BF-004","HAPPINESS","HAPPINESS",TRUE
"1111","BF-004","NEUTRAL","NEUTRAL",TRUE
"1112","BF-002","ANGER","NEUTRAL",FALSE
"1113","BF-002","HAPPINESS","HAPPINESS",TRUE
"1114","BF-002","HAPPINESS","HAPPINESS",TRUE
"1115","BF-002","NEUTRAL","NEUTRAL",TRUE
"1116","BF-002","FEAR","SURPRISE",FALSE
"1117","BF-019","HAPPINESS","HAPPINESS",TRUE
"1118","BF-019","ANGER","NEUTRAL",FALSE
"1119","BF-019","NEUTRAL","NEUTRAL",TRUE
"1120","BF-019","HAPPINESS","HAPPINESS",TRUE
"1121","BF-019","FEAR","FEAR",TRUE
"1122","BF-030","HAPPINESS","HAPPINESS",TRUE
"1123","BF-030","FEAR","FEAR",TRUE
"1124","BF-030","HAPPINESS","HAPPINESS",TRUE
"1125","BF-030","NEUTRAL","NEUTRAL",TRUE
"1126","BF-003","HAPPINESS","HAPPINESS",TRUE
"1127","BF-003","NEUTRAL","NEUTRAL",TRUE
"1128","BF-003","HAPPINESS","HAPPINESS",TRUE
"1129","BF-003","ANGER","NEUTRAL",FALSE
"1130","BF-003","FEAR","SADNESS",FALSE
"1131","BF-206","NEUTRAL","NEUTRAL",TRUE
"1132","BF-017","HAPPINESS","HAPPINESS",TRUE
"1133","BF-017","FEAR","HAPPINESS",FALSE
"1134","BF-017","HAPPINESS","HAPPINESS",TRUE
"1135","BF-017","ANGER","NEUTRAL",FALSE
"1136","BF-017","NEUTRAL","NEUTRAL",TRUE
"1137","BF-014","HAPPINESS","HAPPINESS",TRUE
"1138","BF-014","FEAR","SADNESS",FALSE
"1139","BF-014","HAPPINESS","HAPPINESS",TRUE
"1140","BF-014","ANGER","ANGER",TRUE
"1141","BF-014","NEUTRAL","NEUTRAL",TRUE
"1142","BF-035","HAPPINESS","HAPPINESS",TRUE
"1143","BF-035","ANGER","NEUTRAL",FALSE
"1144","BF-035","HAPPINESS","HAPPINESS",TRUE
"1145","BF-035","NEUTRAL","NEUTRAL",TRUE
"1146","BF-035","FEAR","SURPRISE",FALSE
"1147","BF-027","HAPPINESS","HAPPINESS",TRUE
"1148","BF-027","ANGER","NEUTRAL",FALSE
"1149","BF-027","HAPPINESS","HAPPINESS",TRUE
"1150","BF-027","NEUTRAL","NEUTRAL",TRUE
"1151","BF-027","FEAR","SURPRISE",FALSE
"1152","LF-232","NEUTRAL","NEUTRAL",TRUE
"1153","LF-251","NEUTRAL","NEUTRAL",TRUE
"1154","LF-206","NEUTRAL","NEUTRAL",TRUE
"1155","LF-250","NEUTRAL","NEUTRAL",TRUE
"1156","LF-239","NEUTRAL","NEUTRAL",TRUE
"1157","LF-218","NEUTRAL","NEUTRAL",TRUE
"1158","LF-210","NEUTRAL","NEUTRAL",TRUE
"1159","LF-201","NEUTRAL","NEUTRAL",TRUE
"1160","LF-235","NEUTRAL","NEUTRAL",TRUE
"1161","LF-245","NEUTRAL","NEUTRAL",TRUE
"1162","LF-227","NEUTRAL","NEUTRAL",TRUE
"1163","LF-223","NEUTRAL","NEUTRAL",TRUE
"1164","LF-240","NEUTRAL","NEUTRAL",TRUE
"1165","LF-204","NEUTRAL","NEUTRAL",TRUE
"1166","LF-205","NEUTRAL","NEUTRAL",TRUE
"1167","LF-219","NEUTRAL","NEUTRAL",TRUE
"1168","LF-213","NEUTRAL","NEUTRAL",TRUE
"1169","LF-237","NEUTRAL","NEUTRAL",TRUE
"1170","LF-236","NEUTRAL","NEUTRAL",TRUE
"1171","LF-244","NEUTRAL","NEUTRAL",TRUE
"1172","LF-216","NEUTRAL","NEUTRAL",TRUE
"1173","LF-255","NEUTRAL","NEUTRAL",TRUE
"1174","LF-252","NEUTRAL","NEUTRAL",TRUE
"1175","LF-242","NEUTRAL","NEUTRAL",TRUE
"1176","LF-246","NEUTRAL","NEUTRAL",TRUE
"1177","LF-222","NEUTRAL","NEUTRAL",TRUE
"1178","LF-248","NEUTRAL","NEUTRAL",TRUE
"1179","LF-249","NEUTRAL","NEUTRAL",TRUE
"1180","LF-233","NEUTRAL","NEUTRAL",TRUE
"1181","LF-228","NEUTRAL","NEUTRAL",TRUE
"1182","LF-229","NEUTRAL","NEUTRAL",TRUE
"1183","LF-217","NEUTRAL","NEUTRAL",TRUE
"1184","LF-221","NEUTRAL","NEUTRAL",TRUE
"1185","LF-220","NEUTRAL","NEUTRAL",TRUE
"1186","LF-224","NEUTRAL","NEUTRAL",TRUE
"1187","LF-214","NEUTRAL","NEUTRAL",TRUE
"1188","LF-230","NEUTRAL","HAPPINESS",FALSE
"1189","LF-253","NEUTRAL","NEUTRAL",TRUE
"1190","LF-254","NEUTRAL","NEUTRAL",TRUE
"1191","LF-209","NEUTRAL","NEUTRAL",TRUE
"1192","LF-211","NEUTRAL","NEUTRAL",TRUE
"1193","LF-202","NEUTRAL","NEUTRAL",TRUE
"1194","LF-243","NEUTRAL","NEUTRAL",TRUE
"1195","LF-234","NEUTRAL","NEUTRAL",TRUE
"1196","LF-247","NEUTRAL","NEUTRAL",TRUE
"1197","LF-207","NEUTRAL","NEUTRAL",TRUE
"1198","LF-238","NEUTRAL","NEUTRAL",TRUE
"1199","LF-215","NEUTRAL","NEUTRAL",TRUE
"1200","LF-225","NEUTRAL","NEUTRAL",TRUE
"1201","LF-212","NEUTRAL","NEUTRAL",TRUE
"1202","LF-203","NEUTRAL","NEUTRAL",TRUE
"1203","LF-200","NEUTRAL","NEUTRAL",TRUE
"1204","LF-231","NEUTRAL","NEUTRAL",TRUE
"1205","LF-208","NEUTRAL","NEUTRAL",TRUE
"1206","LF-226","NEUTRAL","NEUTRAL",TRUE
"1207","LF-241","NEUTRAL","NEUTRAL",TRUE
