"","Target","Emotion","SADNESS","NEUTRAL","CONTEMPT","DISGUST","ANGER","SURPRISE","FEAR","HAPPINESS","race","gender"
"1","AF-205","N",0,1,0,0,0,0,0,0,"Asian","Female"
"2","AF-208","N",0,1,0,0,0,0,0,0,"Asian","Female"
"3","AF-249","N",0.011,0.983,0.005,0,0,0,0,0,"Asian","Female"
"4","AF-220","N",0.001,0.993,0.001,0,0,0,0,0.005,"Asian","Female"
"5","AF-235","N",0.002,0.994,0.003,0,0,0,0,0.001,"Asian","Female"
"6","AF-227","N",0,1,0,0,0,0,0,0,"Asian","Female"
"7","AF-242","N",0.035,0.964,0,0,0,0,0,0,"Asian","Female"
"8","AF-234","N",0.02,0.979,0.001,0,0,0,0,0,"Asian","Female"
"9","AF-247","N",0.002,0.954,0.002,0,0,0,0,0.041,"Asian","Female"
"10","AF-256","N",0.188,0.811,0.001,0,0,0,0,0,"Asian","Female"
"11","AF-244","N",0.002,0.936,0.02,0,0,0,0,0.041,"Asian","Female"
"12","AF-200","N",0.001,0.984,0.011,0,0,0.004,0,0,"Asian","Female"
"13","AF-246","N",0.002,0.981,0.005,0,0,0,0,0.011,"Asian","Female"
"14","AF-211","N",0.056,0.943,0.001,0,0,0,0,0,"Asian","Female"
"15","AF-243","N",0.007,0.921,0.001,0,0,0,0,0.071,"Asian","Female"
"16","AF-253","N",0.002,0.968,0.023,0,0,0,0,0.007,"Asian","Female"
"17","AF-217","N",0,0.998,0.001,0,0,0,0,0,"Asian","Female"
"18","AF-232","N",0.001,0.829,0.065,0,0,0,0,0.105,"Asian","Female"
"19","AF-241","N",0,0.999,0,0,0,0.001,0,0,"Asian","Female"
"20","AF-215","N",0.081,0.918,0,0,0,0.001,0,0,"Asian","Female"
"21","AF-245","N",0.002,0.995,0.003,0,0,0,0,0,"Asian","Female"
"22","AF-224","N",0.227,0.771,0.001,0,0,0,0,0,"Asian","Female"
"23","AF-248","N",0.001,0.99,0.006,0,0,0.003,0,0,"Asian","Female"
"24","AF-219","N",0.003,0.997,0,0,0,0,0,0,"Asian","Female"
"25","AF-201","N",0.03,0.969,0,0,0,0,0,0,"Asian","Female"
"26","AF-222","N",0,1,0,0,0,0,0,0,"Asian","Female"
"27","AF-239","N",0.006,0.98,0.012,0,0,0,0,0.002,"Asian","Female"
"28","AF-221","N",0,0.739,0.001,0,0,0,0,0.26,"Asian","Female"
"29","AF-213","N",0.021,0.849,0.005,0,0,0.117,0.001,0.007,"Asian","Female"
"30","AF-238","N",0.008,0.965,0,0,0,0.026,0,0,"Asian","Female"
"31","AF-233","N",0.001,0.999,0.001,0,0,0,0,0,"Asian","Female"
"32","AF-228","N",0.001,0.999,0,0,0,0,0,0,"Asian","Female"
"33","AF-251","N",0.004,0.991,0.003,0,0,0.002,0,0,"Asian","Female"
"34","AF-212","N",0.004,0.959,0.001,0,0,0.036,0,0,"Asian","Female"
"35","AF-250","N",0.003,0.995,0,0,0,0,0,0.001,"Asian","Female"
"36","AF-255","N",0.155,0.844,0,0,0,0,0,0,"Asian","Female"
"37","AF-229","N",0,1,0,0,0,0,0,0,"Asian","Female"
"38","AF-207","N",0.001,0.908,0.091,0,0,0,0,0,"Asian","Female"
"39","AF-206","N",0.005,0.995,0,0,0,0,0,0,"Asian","Female"
"40","AF-203","N",0.001,0.515,0,0,0,0.484,0,0,"Asian","Female"
"41","AF-252","N",0,0.999,0.001,0,0,0,0,0,"Asian","Female"
"42","AF-210","N",0.001,0.999,0,0,0,0,0,0,"Asian","Female"
"43","AF-202","N",0,1,0,0,0,0,0,0,"Asian","Female"
"44","AF-254","N",0.003,0.997,0,0,0,0,0,0,"Asian","Female"
"45","AF-240","N",0.005,0.809,0.182,0,0,0.004,0,0,"Asian","Female"
"46","AF-237","N",0.001,0.998,0,0,0,0.001,0,0,"Asian","Female"
"47","AF-214","N",0.007,0.992,0,0,0,0,0,0,"Asian","Female"
"48","AF-204","N",0.023,0.942,0.013,0,0,0.02,0,0,"Asian","Female"
"49","AF-230","N",0.019,0.978,0,0,0,0.003,0,0,"Asian","Female"
"50","AF-231","N",0.012,0.988,0,0,0,0,0,0,"Asian","Female"
"51","AF-216","N",0,0.993,0.002,0,0,0.004,0,0,"Asian","Female"
"52","AF-209","N",0,1,0,0,0,0,0,0,"Asian","Female"
"53","AF-225","N",0.007,0.991,0.001,0,0,0,0,0,"Asian","Female"
"54","AF-236","N",0.003,0.997,0,0,0,0,0,0,"Asian","Female"
"55","AF-218","N",0.001,0.999,0,0,0,0,0,0,"Asian","Female"
"56","AF-226","N",0.078,0.845,0.073,0,0.003,0,0,0,"Asian","Female"
"57","AF-223","N",0.083,0.915,0.001,0,0,0,0,0,"Asian","Female"
"58","BM-230","N",0.001,0.919,0,0,0,0.077,0.003,0,"Black","Male"
"59","BM-222","N",0.005,0.974,0.019,0,0,0,0,0.002,"Black","Male"
"60","BM-252","N",0.012,0.988,0,0,0,0,0,0,"Black","Male"
"61","BM-020","HC",0,0,0.001,0,0,0,0,0.999,"Black","Male"
"62","BM-020","A",0,0.218,0.003,0,0.001,0,0,0.777,"Black","Male"
"63","BM-020","HO",0,0,0,0,0,0,0,1,"Black","Male"
"64","BM-020","F",0.009,0.198,0.021,0.103,0.029,0.58,0.02,0.039,"Black","Male"
"65","BM-020","N",0.004,0.992,0.004,0,0,0,0,0,"Black","Male"
"66","BM-229","N",0.011,0.989,0,0,0,0,0,0,"Black","Male"
"67","BM-036","N",0.003,0.997,0,0,0,0,0,0,"Black","Male"
"68","BM-036","HC",0,0,0,0,0,0,0,1,"Black","Male"
"69","BM-036","HO",0,0,0,0,0,0,0,1,"Black","Male"
"70","BM-036","F",0,0,0,0,0,1,0,0,"Black","Male"
"71","BM-036","A",0.019,0.739,0.03,0.003,0.207,0.001,0,0,"Black","Male"
"72","BM-040","HC",0,0.166,0.09,0,0,0,0,0.743,"Black","Male"
"73","BM-040","A",0.002,0.932,0.005,0.001,0.059,0.002,0,0,"Black","Male"
"74","BM-040","N",0,0.935,0,0,0,0.065,0,0,"Black","Male"
"75","BM-040","HO",0,0,0,0,0,0,0,1,"Black","Male"
"76","BM-216","N",0.003,0.996,0.001,0,0,0,0,0,"Black","Male"
"77","BM-010","N",0,1,0,0,0,0,0,0,"Black","Male"
"78","BM-010","F",0,0.003,0.043,0.009,0,0,0,0.945,"Black","Male"
"79","BM-010","HO",0,0,0,0,0,0,0,1,"Black","Male"
"80","BM-010","A",0.001,0.506,0.17,0.185,0.02,0,0,0.118,"Black","Male"
"81","BM-018","HC",0,0.004,0.007,0,0,0,0,0.989,"Black","Male"
"82","BM-018","F",0,0,0,0,0,0.963,0.036,0,"Black","Male"
"83","BM-018","HO",0,0,0,0,0,0,0,1,"Black","Male"
"84","BM-018","N",0.197,0.8,0.002,0,0,0,0.001,0,"Black","Male"
"85","BM-018","A",0,0.022,0.005,0.051,0.922,0,0,0,"Black","Male"
"86","BM-029","F",0,0.002,0,0,0.006,0.918,0.073,0,"Black","Male"
"87","BM-029","N",0,0.998,0,0,0,0.001,0,0,"Black","Male"
"88","BM-029","HO",0,0,0,0,0,0,0,1,"Black","Male"
"89","BM-029","HC",0,0.122,0.014,0,0,0,0,0.864,"Black","Male"
"90","BM-238","N",0,1,0,0,0,0,0,0,"Black","Male"
"91","BM-043","A",0.012,0.524,0.013,0.007,0.44,0.003,0.001,0,"Black","Male"
"92","BM-043","HO",0,0,0,0,0,0,0,1,"Black","Male"
"93","BM-043","N",0,0.999,0,0,0,0.001,0,0,"Black","Male"
"94","BM-043","HC",0,0.001,0,0,0,0,0,0.999,"Black","Male"
"95","BM-249","N",0,1,0,0,0,0,0,0,"Black","Male"
"96","BM-046","HO",0,0,0,0,0,0,0,1,"Black","Male"
"97","BM-046","HC",0,0,0,0,0,0,0,1,"Black","Male"
"98","BM-046","N",0.003,0.996,0,0,0,0,0,0,"Black","Male"
"99","BM-046","F",0.006,0.007,0.014,0.027,0.023,0.452,0.445,0.026,"Black","Male"
"100","BM-046","A",0.001,0.524,0.005,0.001,0.468,0,0,0,"Black","Male"
"101","BM-013","A",0,0.022,0.058,0.029,0.891,0,0,0,"Black","Male"
"102","BM-013","HO",0,0,0,0,0,0,0,1,"Black","Male"
"103","BM-013","HC",0,0,0,0,0,0,0,1,"Black","Male"
"104","BM-013","N",0.039,0.96,0,0,0,0,0,0,"Black","Male"
"105","BM-013","F",0,0.003,0.001,0,0,0.996,0,0,"Black","Male"
"106","BM-253","N",0,0.991,0,0,0,0.008,0,0,"Black","Male"
"107","BM-028","N",0.001,0.999,0,0,0,0,0,0,"Black","Male"
"108","BM-028","HC",0,0.004,0.002,0,0,0,0,0.993,"Black","Male"
"109","BM-028","A",0.009,0.991,0,0,0,0,0,0,"Black","Male"
"110","BM-028","F",0,0,0,0,0,0.997,0.002,0,"Black","Male"
"111","BM-028","HO",0,0,0,0,0,0,0,1,"Black","Male"
"112","BM-004","N",0,0.999,0,0,0,0,0,0,"Black","Male"
"113","BM-037","HC",0.001,0,0.004,0,0,0,0,0.995,"Black","Male"
"114","BM-037","F",0,0,0,0,0,0.001,0.999,0,"Black","Male"
"115","BM-037","HO",0,0,0,0,0,0,0,1,"Black","Male"
"116","BM-037","N",0.017,0.982,0.001,0,0,0,0,0,"Black","Male"
"117","BM-037","A",0.003,0.772,0.02,0.001,0.202,0.001,0,0,"Black","Male"
"118","BM-223","N",0.001,0.987,0.002,0,0.009,0,0,0,"Black","Male"
"119","BM-038","A",0.003,0.681,0.136,0.002,0.177,0,0,0,"Black","Male"
"120","BM-038","HC",0,0,0,0,0,0,0,1,"Black","Male"
"121","BM-038","HO",0,0,0,0,0,0,0,1,"Black","Male"
"122","BM-038","F",0.272,0.001,0.001,0.002,0,0.003,0.721,0,"Black","Male"
"123","BM-038","N",0.021,0.978,0.001,0,0,0,0,0,"Black","Male"
"124","BM-200","N",0.004,0.995,0.001,0,0,0,0,0,"Black","Male"
"125","BM-012","N",0.001,0.999,0,0,0,0,0,0,"Black","Male"
"126","BM-243","N",0.014,0.982,0.004,0,0,0,0,0,"Black","Male"
"127","BM-228","N",0,0.994,0.001,0,0,0,0,0.005,"Black","Male"
"128","BM-003","N",0.009,0.987,0.002,0,0,0.001,0,0,"Black","Male"
"129","BM-003","F",0,0.464,0,0,0,0.535,0.001,0,"Black","Male"
"130","BM-003","A",0.001,0.658,0.065,0,0.274,0.001,0,0,"Black","Male"
"131","BM-003","HO",0,0,0,0,0,0,0,1,"Black","Male"
"132","BM-250","N",0.001,0.996,0.002,0,0,0,0,0,"Black","Male"
"133","BM-011","N",0.001,0.996,0.003,0,0.001,0,0,0,"Black","Male"
"134","BM-011","HO",0,0,0,0,0,0,0,1,"Black","Male"
"135","BM-011","HC",0,0,0,0,0,0,0,1,"Black","Male"
"136","BM-011","F",0,0.002,0,0,0,0.998,0,0,"Black","Male"
"137","BM-011","A",0,0.345,0.042,0.001,0.611,0,0,0,"Black","Male"
"138","BM-030","HO",0,0,0,0,0,0,0,1,"Black","Male"
"139","BM-030","A",0.001,0.006,0.014,0.025,0.954,0,0,0,"Black","Male"
"140","BM-030","N",0,0.999,0,0,0,0,0,0,"Black","Male"
"141","BM-030","HC",0,0,0.004,0,0,0,0,0.995,"Black","Male"
"142","BM-030","F",0,0.004,0.004,0.007,0.014,0.623,0.044,0.304,"Black","Male"
"143","BM-215","N",0,1,0,0,0,0,0,0,"Black","Male"
"144","BM-202","N",0.003,0.997,0,0,0,0,0,0,"Black","Male"
"145","BM-009","HC",0,0.148,0.208,0,0,0,0,0.643,"Black","Male"
"146","BM-009","HO",0,0,0,0,0,0,0,1,"Black","Male"
"147","BM-009","N",0,0.996,0.004,0,0,0,0,0,"Black","Male"
"148","BM-009","F",0,0.017,0.027,0.002,0,0.926,0.001,0.028,"Black","Male"
"149","BM-009","A",0,0,0.561,0.392,0.046,0,0,0,"Black","Male"
"150","BM-026","N",0.004,0.975,0,0,0,0.02,0,0,"Black","Male"
"151","BM-026","A",0,0.156,0.002,0.007,0.749,0.085,0.001,0,"Black","Male"
"152","BM-026","HC",0,0,0,0,0,0,0,0.999,"Black","Male"
"153","BM-026","HO",0,0,0,0,0,0,0,1,"Black","Male"
"154","BM-026","F",0,0,0,0,0,0.996,0.004,0,"Black","Male"
"155","BM-247","N",0.003,0.997,0,0,0,0,0,0,"Black","Male"
"156","BM-239","N",0,0.996,0,0,0,0.004,0,0,"Black","Male"
"157","BM-045","N",0.017,0.981,0.002,0,0,0,0,0,"Black","Male"
"158","BM-045","HO",0,0,0,0,0,0,0,1,"Black","Male"
"159","BM-045","A",0.005,0.203,0.071,0.017,0.703,0,0,0,"Black","Male"
"160","BM-045","F",0.001,0,0,0,0,0,0.995,0.003,"Black","Male"
"161","BM-045","HC",0,0.001,0.009,0,0,0,0,0.991,"Black","Male"
"162","BM-219","N",0.007,0.992,0,0,0,0,0,0,"Black","Male"
"163","BM-044","HC",0,0,0,0,0,0,0,1,"Black","Male"
"164","BM-044","HO",0,0,0,0,0,0,0,1,"Black","Male"
"165","BM-044","N",0,0.999,0,0,0,0,0,0,"Black","Male"
"166","BM-044","F",0,0.006,0.002,0.002,0.002,0.396,0.006,0.585,"Black","Male"
"167","BM-226","N",0.182,0.765,0,0,0,0.05,0.002,0,"Black","Male"
"168","BM-213","N",0.003,0.988,0.003,0,0,0,0,0.006,"Black","Male"
"169","BM-017","A",0,0,0,0.002,0.998,0,0,0,"Black","Male"
"170","BM-017","F",0.001,0,0,0.003,0.001,0.567,0.428,0,"Black","Male"
"171","BM-017","N",0.01,0.989,0,0,0,0,0,0,"Black","Male"
"172","BM-017","HC",0,0.006,0.008,0,0,0,0,0.986,"Black","Male"
"173","BM-015","HC",0,0.226,0.002,0,0,0,0,0.772,"Black","Male"
"174","BM-015","N",0,0.999,0,0,0,0,0,0,"Black","Male"
"175","BM-015","A",0,0.055,0.013,0.001,0.931,0,0,0,"Black","Male"
"176","BM-015","HO",0,0,0,0,0,0,0,1,"Black","Male"
"177","BM-015","F",0.169,0,0.001,0.003,0,0,0.826,0,"Black","Male"
"178","BM-245","N",0.022,0.978,0,0,0,0,0,0,"Black","Male"
"179","BM-023","N",0.002,0.997,0.001,0,0,0,0,0,"Black","Male"
"180","BM-023","HC",0,0,0,0,0,0,0,1,"Black","Male"
"181","BM-023","HO",0,0,0,0,0,0,0,1,"Black","Male"
"182","BM-023","F",0,0,0,0.001,0.002,0.948,0.049,0,"Black","Male"
"183","BM-023","A",0,0.064,0.005,0.186,0.742,0.003,0,0,"Black","Male"
"184","BM-251","N",0.004,0.875,0.118,0,0,0,0,0.003,"Black","Male"
"185","BM-242","N",0,1,0,0,0,0,0,0,"Black","Male"
"186","BM-016","A",0,0.998,0,0,0.001,0,0,0,"Black","Male"
"187","BM-016","N",0,1,0,0,0,0,0,0,"Black","Male"
"188","BM-016","HO",0,0,0,0,0,0,0,1,"Black","Male"
"189","BM-016","F",0,0.02,0.001,0.001,0.019,0.069,0.002,0.887,"Black","Male"
"190","BM-002","N",0,1,0,0,0,0,0,0,"Black","Male"
"191","BM-002","F",0,0,0.001,0,0,0.997,0.001,0.001,"Black","Male"
"192","BM-002","HC",0,0,0,0,0,0,0,1,"Black","Male"
"193","BM-002","A",0,0.238,0,0,0.761,0,0,0,"Black","Male"
"194","BM-002","HO",0,0,0,0,0,0,0,1,"Black","Male"
"195","BM-233","N",0.001,0.997,0,0,0,0,0,0.002,"Black","Male"
"196","BM-206","N",0,1,0,0,0,0,0,0,"Black","Male"
"197","BM-227","N",0.001,0.999,0,0,0,0,0,0,"Black","Male"
"198","BM-235","N",0,0.995,0.005,0,0,0,0,0,"Black","Male"
"199","BM-218","N",0.03,0.968,0.002,0,0,0,0,0,"Black","Male"
"200","BM-041","A",0.011,0.656,0.056,0.055,0.213,0.007,0.001,0,"Black","Male"
"201","BM-041","HC",0,0.173,0.015,0,0,0,0,0.812,"Black","Male"
"202","BM-041","N",0.002,0.996,0,0,0,0.002,0,0,"Black","Male"
"203","BM-041","HO",0,0,0,0,0,0,0,1,"Black","Male"
"204","BM-041","F",0.002,0.015,0.06,0.076,0.032,0.459,0.174,0.183,"Black","Male"
"205","BM-236","N",0,0.88,0.001,0,0,0,0,0.119,"Black","Male"
"206","BM-248","N",0,1,0,0,0,0,0,0,"Black","Male"
"207","BM-022","HO",0,0,0,0,0,0,0,1,"Black","Male"
"208","BM-022","A",0.001,0.816,0.012,0.003,0.168,0,0,0,"Black","Male"
"209","BM-022","HC",0,0,0,0,0,0,0,0.999,"Black","Male"
"210","BM-022","F",0,0.291,0.001,0.001,0.001,0.699,0.008,0,"Black","Male"
"211","BM-022","N",0.005,0.975,0,0,0,0.018,0.001,0,"Black","Male"
"212","BM-212","N",0,0.998,0,0,0,0.001,0,0,"Black","Male"
"213","BM-244","N",0.001,0.995,0.001,0,0.002,0,0,0.001,"Black","Male"
"214","BM-208","N",0.001,0.998,0.001,0,0,0,0,0,"Black","Male"
"215","BM-232","N",0.001,0.999,0,0,0,0,0,0,"Black","Male"
"216","BM-021","HC",0,0,0,0,0,0,0,1,"Black","Male"
"217","BM-021","HO",0,0,0,0,0,0,0,1,"Black","Male"
"218","BM-021","F",0.001,0.001,0.001,0.001,0.001,0.907,0.089,0,"Black","Male"
"219","BM-021","A",0.001,0.193,0.011,0.561,0.234,0,0,0.001,"Black","Male"
"220","BM-021","N",0.001,0.994,0,0,0,0,0,0.004,"Black","Male"
"221","BM-024","F",0,0,0,0,0,1,0,0,"Black","Male"
"222","BM-024","A",0,0.58,0.022,0,0.397,0,0,0,"Black","Male"
"223","BM-024","HO",0,0,0,0,0,0,0,1,"Black","Male"
"224","BM-024","HC",0,0.006,0.007,0,0,0,0,0.987,"Black","Male"
"225","BM-024","N",0,1,0,0,0,0,0,0,"Black","Male"
"226","BM-237","N",0.001,0.938,0.001,0,0,0.06,0,0,"Black","Male"
"227","BM-019","A",0.001,0.831,0.002,0.001,0.165,0,0,0,"Black","Male"
"228","BM-019","HC",0,0,0.001,0,0,0,0,0.999,"Black","Male"
"229","BM-019","HO",0,0,0,0,0,0,0,1,"Black","Male"
"230","BM-019","F",0.001,0.02,0.008,0,0,0.917,0.054,0,"Black","Male"
"231","BM-019","N",0.001,0.999,0,0,0,0,0,0,"Black","Male"
"232","BM-214","N",0.006,0.994,0,0,0,0,0,0,"Black","Male"
"233","BM-027","N",0,0.991,0,0,0,0,0,0.008,"Black","Male"
"234","BM-241","N",0.003,0.996,0.001,0,0,0,0,0,"Black","Male"
"235","BM-209","N",0.006,0.993,0,0,0,0,0,0,"Black","Male"
"236","BM-225","N",0,0.995,0.003,0,0,0,0,0.001,"Black","Male"
"237","BM-207","N",0,1,0,0,0,0,0,0,"Black","Male"
"238","BM-039","HC",0,0,0.006,0,0,0,0,0.993,"Black","Male"
"239","BM-039","HO",0,0,0,0,0,0,0,1,"Black","Male"
"240","BM-039","A",0.006,0.738,0.023,0.012,0.216,0.005,0.001,0.001,"Black","Male"
"241","BM-039","N",0,0.999,0,0,0,0,0,0,"Black","Male"
"242","BM-039","F",0.001,0.001,0.002,0.001,0.001,0.464,0.106,0.424,"Black","Male"
"243","BM-033","HC",0,0,0,0,0,0,0,1,"Black","Male"
"244","BM-033","N",0.005,0.993,0.001,0,0,0,0,0,"Black","Male"
"245","BM-033","A",0.163,0.517,0.078,0.011,0.2,0.01,0.021,0,"Black","Male"
"246","BM-033","HO",0,0,0,0,0,0,0,1,"Black","Male"
"247","BM-033","F",0.004,0.01,0,0.001,0.001,0.909,0.075,0,"Black","Male"
"248","BM-001","A",0,0.365,0.004,0.01,0.619,0.002,0,0,"Black","Male"
"249","BM-001","HO",0,0.016,0.002,0,0,0,0,0.981,"Black","Male"
"250","BM-001","F",0,0.003,0,0,0,0.98,0.016,0,"Black","Male"
"251","BM-001","N",0.005,0.983,0.008,0,0,0.002,0,0,"Black","Male"
"252","BM-210","N",0.001,0.994,0.002,0,0.002,0,0,0,"Black","Male"
"253","BM-025","HO",0,0,0,0,0,0,0,1,"Black","Male"
"254","BM-025","N",0.009,0.988,0.002,0,0,0,0,0,"Black","Male"
"255","BM-025","F",0.01,0.043,0.007,0.12,0.053,0.557,0.188,0.022,"Black","Male"
"256","BM-025","A",0.013,0.081,0.014,0.004,0.887,0,0.001,0,"Black","Male"
"257","BM-025","HC",0,0.11,0.129,0.001,0,0,0,0.759,"Black","Male"
"258","BM-234","N",0,0.993,0,0,0,0,0,0.007,"Black","Male"
"259","BM-221","N",0,0.998,0,0,0,0.002,0,0,"Black","Male"
"260","BM-211","N",0.001,0.999,0,0,0,0,0,0,"Black","Male"
"261","BM-246","N",0.001,0.982,0.008,0,0.009,0,0,0,"Black","Male"
"262","BM-204","N",0,0.999,0,0,0,0.001,0,0,"Black","Male"
"263","BM-032","HC",0,0,0,0,0,0,0,1,"Black","Male"
"264","BM-032","F",0,0.005,0,0,0.001,0.983,0.011,0,"Black","Male"
"265","BM-032","A",0.001,0.803,0.099,0.006,0.087,0,0,0.003,"Black","Male"
"266","BM-032","HO",0,0,0,0,0,0,0,1,"Black","Male"
"267","BM-032","N",0.001,0.991,0.006,0,0,0.001,0,0.001,"Black","Male"
"268","BM-201","N",0,1,0,0,0,0,0,0,"Black","Male"
"269","BM-034","N",0.001,0.998,0.001,0,0,0,0,0,"Black","Male"
"270","BM-034","A",0.002,0.225,0.08,0.001,0.691,0.001,0,0,"Black","Male"
"271","BM-034","HO",0,0,0,0,0,0,0,1,"Black","Male"
"272","BM-034","F",0,0.002,0.018,0,0,0.976,0.003,0,"Black","Male"
"273","BM-034","HC",0,0,0,0,0,0,0,1,"Black","Male"
"274","BM-240","N",0.001,0.999,0,0,0,0,0,0,"Black","Male"
"275","BM-031","HC",0,0,0,0,0,0,0,1,"Black","Male"
"276","BM-031","F",0,0.001,0,0.002,0,0.946,0.051,0,"Black","Male"
"277","BM-031","A",0.002,0.519,0.155,0,0.324,0,0,0,"Black","Male"
"278","BM-031","N",0,1,0,0,0,0,0,0,"Black","Male"
"279","BM-031","HO",0,0,0,0,0,0,0,1,"Black","Male"
"280","BM-231","N",0.014,0.986,0,0,0,0,0,0,"Black","Male"
"281","BM-005","N",0.089,0.911,0,0,0,0,0,0,"Black","Male"
"282","BM-005","F",0,0,0,0,0,0.997,0.003,0,"Black","Male"
"283","BM-005","HO",0,0,0,0,0,0,0,1,"Black","Male"
"284","BM-005","A",0.022,0.536,0.189,0.007,0.245,0,0,0.001,"Black","Male"
"285","BM-217","N",0.018,0.982,0,0,0,0,0,0,"Black","Male"
"286","BM-205","N",0.001,0.974,0.003,0.001,0,0,0,0.022,"Black","Male"
"287","BM-203","N",0.009,0.991,0,0,0,0,0,0,"Black","Male"
"288","BM-224","N",0.001,0.998,0,0,0,0,0,0,"Black","Male"
"289","AM-246","N",0,1,0,0,0,0,0,0,"Asian","Male"
"290","AM-209","N",0,0.999,0,0,0,0,0,0.001,"Asian","Male"
"291","AM-213","N",0.052,0.946,0.002,0,0,0,0,0,"Asian","Male"
"292","AM-216","N",0,0.97,0.001,0,0,0.001,0,0.028,"Asian","Male"
"293","AM-227","N",0.001,0.998,0.001,0,0,0,0,0,"Asian","Male"
"294","AM-251","N",0.001,0.999,0,0,0,0,0,0,"Asian","Male"
"295","AM-202","N",0,1,0,0,0,0,0,0,"Asian","Male"
"296","AM-235","N",0.001,0.998,0.001,0,0,0,0,0,"Asian","Male"
"297","AM-206","N",0,0.998,0.001,0,0,0,0,0.001,"Asian","Male"
"298","AM-212","N",0,1,0,0,0,0,0,0,"Asian","Male"
"299","AM-233","N",0.007,0.894,0.001,0,0,0,0,0.097,"Asian","Male"
"300","AM-243","N",0,1,0,0,0,0,0,0,"Asian","Male"
"301","AM-223","N",0.012,0.969,0.003,0,0,0.017,0,0,"Asian","Male"
"302","AM-220","N",0.018,0.982,0,0,0,0,0,0,"Asian","Male"
"303","AM-207","N",0,0.93,0.001,0,0,0,0,0.068,"Asian","Male"
"304","AM-239","N",0.001,0.986,0.012,0,0,0.001,0,0,"Asian","Male"
"305","AM-241","N",0,0.996,0.001,0,0,0.001,0,0.003,"Asian","Male"
"306","AM-219","N",0.006,0.994,0,0,0,0,0,0,"Asian","Male"
"307","AM-228","N",0.008,0.991,0,0,0,0,0,0,"Asian","Male"
"308","AM-211","N",0,0.999,0.001,0,0,0,0,0,"Asian","Male"
"309","AM-249","N",0,1,0,0,0,0,0,0,"Asian","Male"
"310","AM-208","N",0.001,0.997,0.001,0,0,0.001,0,0,"Asian","Male"
"311","AM-252","N",0,1,0,0,0,0,0,0,"Asian","Male"
"312","AM-215","N",0.022,0.926,0.008,0.024,0.001,0.014,0.001,0.003,"Asian","Male"
"313","AM-236","N",0.002,0.998,0,0,0,0,0,0,"Asian","Male"
"314","AM-214","N",0,1,0,0,0,0,0,0,"Asian","Male"
"315","AM-205","N",0,0.995,0.003,0,0,0,0,0.001,"Asian","Male"
"316","AM-253","N",0,0.999,0,0,0,0,0,0,"Asian","Male"
"317","AM-226","N",0.001,0.998,0,0,0,0,0,0,"Asian","Male"
"318","AM-230","N",0,0.993,0.002,0,0,0,0,0.004,"Asian","Male"
"319","AM-250","N",0.002,0.996,0,0,0,0,0,0.001,"Asian","Male"
"320","AM-201","N",0.015,0.94,0.006,0.001,0,0.038,0,0,"Asian","Male"
"321","AM-231","N",0.001,0.917,0.015,0,0,0,0,0.067,"Asian","Male"
"322","AM-232","N",0.004,0.995,0.001,0,0,0,0,0,"Asian","Male"
"323","AM-225","N",0.003,0.995,0.001,0,0,0,0,0,"Asian","Male"
"324","AM-248","N",0.001,0.999,0,0,0,0,0,0,"Asian","Male"
"325","AM-210","N",0,1,0,0,0,0,0,0,"Asian","Male"
"326","AM-203","N",0,1,0,0,0,0,0,0,"Asian","Male"
"327","AM-242","N",0,0.98,0.002,0,0,0,0,0.018,"Asian","Male"
"328","AM-229","N",0.001,0.985,0.004,0,0,0.006,0,0.003,"Asian","Male"
"329","AM-204","N",0,0.996,0.003,0,0,0,0,0.001,"Asian","Male"
"330","AM-244","N",0.014,0.97,0.017,0,0,0,0,0,"Asian","Male"
"331","AM-218","N",0,0.995,0,0,0,0,0,0.005,"Asian","Male"
"332","AM-234","N",0.001,0.989,0.001,0,0,0.009,0,0,"Asian","Male"
"333","AM-221","N",0.028,0.97,0.002,0,0,0,0,0,"Asian","Male"
"334","AM-238","N",0,1,0,0,0,0,0,0,"Asian","Male"
"335","AM-217","N",0.002,0.996,0.001,0,0.001,0,0,0,"Asian","Male"
"336","AM-247","N",0.158,0.841,0.001,0,0,0,0,0,"Asian","Male"
"337","AM-224","N",0.029,0.968,0.001,0.001,0.001,0,0,0,"Asian","Male"
"338","AM-245","N",0.001,0.999,0,0,0,0,0,0,"Asian","Male"
"339","AM-240","N",0.001,0.906,0.089,0,0,0,0,0.004,"Asian","Male"
"340","AM-237","N",0.001,0.968,0.023,0,0,0,0,0.008,"Asian","Male"
"341","WM-024","A",0.017,0.492,0.096,0.006,0.389,0,0,0,"White","Male"
"342","WM-024","HC",0,0,0,0,0,0,0,1,"White","Male"
"343","WM-024","N",0,1,0,0,0,0,0,0,"White","Male"
"344","WM-024","HO",0,0,0,0,0,0,0,1,"White","Male"
"345","WM-024","F",0.001,0.195,0.003,0,0.001,0.791,0.008,0,"White","Male"
"346","WM-040","HC",0,0,0,0,0,0,0,1,"White","Male"
"347","WM-040","N",0,0.999,0,0,0.001,0,0,0,"White","Male"
"348","WM-040","F",0,0.071,0.002,0,0,0.923,0.002,0.001,"White","Male"
"349","WM-040","HO",0,0,0,0,0,0,0,1,"White","Male"
"350","WM-040","A",0,0.924,0.001,0,0.074,0,0,0,"White","Male"
"351","WM-234","N",0,0.999,0,0,0,0,0,0,"White","Male"
"352","WM-035","HC",0,0,0,0,0,0,0,1,"White","Male"
"353","WM-035","N",0.003,0.991,0.003,0,0.003,0,0,0,"White","Male"
"354","WM-035","HO",0,0,0,0,0,0,0,1,"White","Male"
"355","WM-035","A",0,0.967,0.004,0,0.029,0,0,0,"White","Male"
"356","WM-035","F",0.001,0.033,0,0,0.002,0.601,0.362,0,"White","Male"
"357","WM-222","N",0.003,0.995,0,0,0,0,0,0,"White","Male"
"358","WM-223","N",0.001,0.998,0,0,0,0,0,0,"White","Male"
"359","WM-256","N",0,0.999,0,0,0,0,0,0,"White","Male"
"360","WM-034","A",0.003,0.934,0.016,0,0.046,0,0,0,"White","Male"
"361","WM-034","N",0,0.993,0.006,0,0,0,0,0,"White","Male"
"362","WM-034","HO",0,0,0,0,0,0,0,1,"White","Male"
"363","WM-034","HC",0,0,0,0,0,0,0,1,"White","Male"
"364","WM-034","F",0.002,0.003,0.001,0.007,0.005,0.054,0.926,0.002,"White","Male"
"365","WM-241","N",0,0.998,0.001,0,0.001,0,0,0,"White","Male"
"366","WM-204","N",0,0.999,0,0,0,0,0,0,"White","Male"
"367","WM-229","N",0.002,0.998,0,0,0,0,0,0,"White","Male"
"368","WM-019","N",0,0.999,0,0,0,0,0,0,"White","Male"
"369","WM-019","A",0.004,0.134,0.393,0.022,0.445,0,0,0.002,"White","Male"
"370","WM-019","HO",0,0,0,0,0,0,0,1,"White","Male"
"371","WM-019","F",0.001,0.001,0,0,0,0,0,0.998,"White","Male"
"372","WM-019","HC",0,0.007,0,0,0,0,0,0.993,"White","Male"
"373","WM-219","N",0.001,0.997,0.001,0,0,0,0,0,"White","Male"
"374","WM-258","N",0.001,0.998,0,0,0,0,0,0,"White","Male"
"375","WM-232","N",0.005,0.995,0,0,0,0,0,0,"White","Male"
"376","WM-038","HC",0,0,0,0,0,0,0,1,"White","Male"
"377","WM-038","F",0,0.037,0,0,0.011,0.952,0.001,0,"White","Male"
"378","WM-038","N",0.002,0.998,0,0,0,0,0,0,"White","Male"
"379","WM-038","A",0,0.299,0.003,0,0.414,0.285,0,0,"White","Male"
"380","WM-038","HO",0,0,0,0,0,0,0,1,"White","Male"
"381","WM-032","A",0,0.949,0.047,0,0.002,0,0,0.001,"White","Male"
"382","WM-032","F",0,0,0,0,0,1,0,0,"White","Male"
"383","WM-032","HC",0,0,0,0,0,0,0,1,"White","Male"
"384","WM-032","N",0,0.828,0.001,0,0,0,0,0.17,"White","Male"
"385","WM-032","HO",0,0,0,0,0,0,0,1,"White","Male"
"386","WM-003","N",0.001,0.998,0,0,0,0,0,0,"White","Male"
"387","WM-003","HO",0,0,0,0,0,0,0,1,"White","Male"
"388","WM-003","A",0.002,0.998,0,0,0,0,0,0,"White","Male"
"389","WM-003","HC",0,0.09,0,0,0,0,0,0.909,"White","Male"
"390","WM-255","N",0.001,0.997,0.002,0,0,0,0,0,"White","Male"
"391","WM-231","N",0,0.997,0.002,0,0,0,0,0,"White","Male"
"392","WM-209","N",0,1,0,0,0,0,0,0,"White","Male"
"393","WM-210","N",0.002,0.998,0.001,0,0,0,0,0,"White","Male"
"394","WM-237","N",0.001,0.997,0.002,0,0,0,0,0,"White","Male"
"395","WM-239","N",0,1,0,0,0,0,0,0,"White","Male"
"396","WM-207","N",0,0.91,0.002,0,0,0,0,0.088,"White","Male"
"397","WM-240","N",0.007,0.987,0.001,0,0,0.005,0,0,"White","Male"
"398","WM-212","N",0.001,0.998,0,0,0,0,0,0,"White","Male"
"399","WM-213","N",0,0.981,0,0,0,0,0,0.018,"White","Male"
"400","WM-225","N",0.001,0.999,0,0,0,0,0,0,"White","Male"
"401","WM-249","N",0,0.999,0,0,0,0,0,0,"White","Male"
"402","WM-012","F",0.004,0.037,0,0.001,0.001,0.549,0.407,0,"White","Male"
"403","WM-012","N",0,1,0,0,0,0,0,0,"White","Male"
"404","WM-012","A",0.002,0.876,0.003,0.002,0.117,0,0,0,"White","Male"
"405","WM-012","HC",0,0.001,0,0,0,0,0,0.999,"White","Male"
"406","WM-012","HO",0,0,0,0,0,0,0,1,"White","Male"
"407","WM-245","N",0.104,0.896,0.001,0,0,0,0,0,"White","Male"
"408","WM-236","N",0.01,0.99,0,0,0,0,0,0,"White","Male"
"409","WM-228","N",0.006,0.984,0.01,0,0,0,0,0,"White","Male"
"410","WM-214","N",0,0.998,0,0,0,0,0,0.001,"White","Male"
"411","WM-036","HC",0.004,0.736,0.107,0,0,0,0,0.152,"White","Male"
"412","WM-036","A",0.005,0.966,0.025,0,0.002,0,0,0,"White","Male"
"413","WM-036","F",0,0,0,0,0,0.015,0.984,0,"White","Male"
"414","WM-036","N",0,0.999,0,0,0,0,0,0,"White","Male"
"415","WM-036","HO",0,0,0,0,0,0,0,1,"White","Male"
"416","WM-029","HO",0,0,0,0,0,0,0,1,"White","Male"
"417","WM-029","HC",0,0,0,0,0,0,0,1,"White","Male"
"418","WM-029","A",0.001,0.939,0.006,0,0.053,0,0,0,"White","Male"
"419","WM-029","F",0,0.028,0,0,0,0.952,0.019,0,"White","Male"
"420","WM-029","N",0,1,0,0,0,0,0,0,"White","Male"
"421","WM-018","N",0,0.998,0.001,0,0,0,0,0,"White","Male"
"422","WM-018","A",0,0.932,0.027,0,0.04,0,0,0,"White","Male"
"423","WM-018","HO",0,0,0,0,0,0,0,1,"White","Male"
"424","WM-018","HC",0,0.85,0.009,0,0,0,0,0.141,"White","Male"
"425","WM-251","N",0,0.982,0,0,0,0,0,0.017,"White","Male"
"426","WM-224","N",0,0.999,0.001,0,0,0,0,0,"White","Male"
"427","WM-253","N",0,1,0,0,0,0,0,0,"White","Male"
"428","WM-021","HC",0,0,0,0,0,0,0,1,"White","Male"
"429","WM-021","A",0,0.934,0.025,0.001,0.039,0,0,0,"White","Male"
"430","WM-021","HO",0,0,0,0,0,0,0,1,"White","Male"
"431","WM-021","N",0,1,0,0,0,0,0,0,"White","Male"
"432","WM-017","A",0.048,0.945,0.004,0.002,0.001,0,0,0,"White","Male"
"433","WM-017","N",0,1,0,0,0,0,0,0,"White","Male"
"434","WM-017","F",0.011,0.303,0.001,0.001,0,0.663,0.02,0,"White","Male"
"435","WM-017","HO",0,0.001,0,0,0,0,0,0.999,"White","Male"
"436","WM-017","HC",0,0.522,0.001,0,0,0,0,0.477,"White","Male"
"437","WM-020","A",0.002,0.368,0.328,0.019,0.282,0,0,0,"White","Male"
"438","WM-020","N",0.002,0.987,0.011,0,0.001,0,0,0,"White","Male"
"439","WM-020","HC",0,0,0,0,0,0,0,1,"White","Male"
"440","WM-020","HO",0,0,0,0,0,0,0,1,"White","Male"
"441","WM-020","F",0.055,0.121,0.001,0.05,0.007,0.075,0.003,0.687,"White","Male"
"442","WM-010","HO",0,0.036,0,0,0,0,0,0.963,"White","Male"
"443","WM-010","F",0,0,0,0,0,1,0,0,"White","Male"
"444","WM-010","A",0.015,0.934,0.005,0.005,0.003,0.035,0.001,0.002,"White","Male"
"445","WM-010","N",0.009,0.991,0,0,0,0,0,0,"White","Male"
"446","WM-010","HC",0.001,0.516,0.006,0,0,0.002,0,0.475,"White","Male"
"447","WM-202","N",0,1,0,0,0,0,0,0,"White","Male"
"448","WM-039","HO",0,0,0,0,0,0,0,1,"White","Male"
"449","WM-039","N",0.005,0.995,0,0,0,0,0,0,"White","Male"
"450","WM-039","A",0.417,0.543,0.031,0.001,0.009,0,0,0,"White","Male"
"451","WM-039","HC",0.001,0.993,0.001,0,0,0,0,0.006,"White","Male"
"452","WM-039","F",0,0,0,0,0,0.001,0.006,0.992,"White","Male"
"453","WM-235","N",0,1,0,0,0,0,0,0,"White","Male"
"454","WM-254","N",0,1,0,0,0,0,0,0,"White","Male"
"455","WM-200","N",0,0.998,0.001,0,0,0,0,0,"White","Male"
"456","WM-230","N",0.003,0.99,0.001,0,0,0,0,0.007,"White","Male"
"457","WM-215","N",0,0.998,0.001,0,0,0,0,0,"White","Male"
"458","WM-247","N",0,1,0,0,0,0,0,0,"White","Male"
"459","WM-203","N",0,0.967,0.033,0,0,0,0,0,"White","Male"
"460","WM-216","N",0.038,0.96,0,0,0,0.001,0,0,"White","Male"
"461","WM-015","HO",0,0,0,0,0,0,0,1,"White","Male"
"462","WM-015","N",0,1,0,0,0,0,0,0,"White","Male"
"463","WM-015","A",0.001,0.988,0.004,0,0.007,0,0,0,"White","Male"
"464","WM-015","F",0.002,0.015,0.002,0.004,0.017,0.328,0.47,0.163,"White","Male"
"465","WM-015","HC",0,0,0,0,0,0,0,1,"White","Male"
"466","WM-205","N",0,1,0,0,0,0,0,0,"White","Male"
"467","WM-218","N",0.001,0.996,0.004,0,0,0,0,0,"White","Male"
"468","WM-248","N",0.007,0.987,0.001,0,0,0,0,0.005,"White","Male"
"469","WM-238","N",0,1,0,0,0,0,0,0,"White","Male"
"470","WM-023","F",0,0,0,0,0.001,0.969,0.03,0,"White","Male"
"471","WM-023","HO",0,0,0,0,0,0,0,1,"White","Male"
"472","WM-023","A",0.001,0.66,0.064,0,0.275,0,0,0,"White","Male"
"473","WM-023","HC",0,0,0,0,0,0,0,0.999,"White","Male"
"474","WM-023","N",0,0.927,0.001,0,0,0,0,0.072,"White","Male"
"475","WM-250","N",0.073,0.927,0,0,0,0,0,0,"White","Male"
"476","WM-026","HO",0,0,0,0,0,0,0,1,"White","Male"
"477","WM-026","N",0,0.998,0.001,0,0,0,0,0,"White","Male"
"478","WM-026","A",0.011,0.689,0.139,0.001,0.158,0.001,0,0.001,"White","Male"
"479","WM-026","F",0,0.002,0,0,0.011,0.976,0.011,0,"White","Male"
"480","WM-026","HC",0,0.04,0.185,0,0,0,0,0.774,"White","Male"
"481","WM-014","HC",0,0.014,0,0,0,0,0,0.985,"White","Male"
"482","WM-014","A",0.012,0.987,0,0,0,0,0,0,"White","Male"
"483","WM-014","HO",0,0,0,0,0,0,0,1,"White","Male"
"484","WM-014","N",0,0.998,0,0,0,0,0,0.002,"White","Male"
"485","WM-014","F",0,0,0,0,0.001,0.629,0.016,0.354,"White","Male"
"486","WM-002","N",0,1,0,0,0,0,0,0,"White","Male"
"487","WM-002","A",0.001,0.925,0.057,0,0.008,0,0,0.01,"White","Male"
"488","WM-002","HC",0,0,0,0,0,0,0,1,"White","Male"
"489","WM-002","HO",0,0,0,0,0,0,0,1,"White","Male"
"490","WM-211","N",0,1,0,0,0,0,0,0,"White","Male"
"491","WM-009","F",0,0.016,0,0,0,0.983,0,0,"White","Male"
"492","WM-009","A",0,0.417,0.2,0,0.383,0,0,0,"White","Male"
"493","WM-009","HC",0,0,0,0,0,0,0,1,"White","Male"
"494","WM-009","N",0,1,0,0,0,0,0,0,"White","Male"
"495","WM-009","HO",0,0,0,0,0,0,0,1,"White","Male"
"496","WM-028","F",0.002,0.001,0.005,0.011,0.001,0.062,0.918,0,"White","Male"
"497","WM-028","N",0.002,0.978,0.001,0,0,0.018,0.001,0.001,"White","Male"
"498","WM-028","HO",0,0,0,0,0,0,0,1,"White","Male"
"499","WM-028","HC",0,0,0,0,0,0,0,1,"White","Male"
"500","WM-028","A",0.026,0.544,0.121,0.138,0.099,0.055,0.017,0.001,"White","Male"
"501","WM-025","A",0.001,0.554,0.031,0,0.413,0,0,0,"White","Male"
"502","WM-025","HO",0,0,0,0,0,0,0,1,"White","Male"
"503","WM-025","N",0,1,0,0,0,0,0,0,"White","Male"
"504","WM-025","F",0.001,0,0.008,0.057,0.224,0.269,0.395,0.045,"White","Male"
"505","WM-025","HC",0,0,0,0,0,0,0,1,"White","Male"
"506","WM-033","HC",0,0.001,0,0,0,0,0,0.999,"White","Male"
"507","WM-033","HO",0,0,0,0,0,0,0,1,"White","Male"
"508","WM-033","N",0,1,0,0,0,0,0,0,"White","Male"
"509","WM-033","F",0,0,0,0.001,0.093,0.669,0.237,0,"White","Male"
"510","WM-033","A",0.002,0.953,0.004,0,0.04,0,0,0,"White","Male"
"511","WM-227","N",0.001,0.994,0.006,0,0,0,0,0,"White","Male"
"512","WM-022","N",0.001,0.998,0.001,0,0,0,0,0,"White","Male"
"513","WM-022","A",0.001,0.785,0.072,0,0.142,0,0,0,"White","Male"
"514","WM-022","HC",0,0,0.003,0,0,0,0,0.997,"White","Male"
"515","WM-022","HO",0,0,0,0,0,0,0,1,"White","Male"
"516","WM-022","F",0,0.908,0,0,0,0.091,0,0,"White","Male"
"517","WM-257","N",0.003,0.996,0.001,0,0,0,0,0,"White","Male"
"518","WM-001","HO",0,0.005,0.002,0,0,0,0,0.993,"White","Male"
"519","WM-001","HC",0.001,0.121,0.079,0,0,0,0,0.799,"White","Male"
"520","WM-001","N",0.008,0.992,0,0,0,0,0,0,"White","Male"
"521","WM-011","N",0,1,0,0,0,0,0,0,"White","Male"
"522","WM-011","HO",0,0,0,0,0,0,0,1,"White","Male"
"523","WM-011","HC",0,0,0,0,0,0,0,1,"White","Male"
"524","WM-011","A",0,0.874,0.015,0,0.11,0,0,0,"White","Male"
"525","WM-011","F",0,0,0,0,0,1,0,0,"White","Male"
"526","WM-041","HC",0,0,0.002,0,0,0,0,0.998,"White","Male"
"527","WM-041","A",0.028,0.546,0.048,0.005,0.348,0.02,0.005,0,"White","Male"
"528","WM-041","N",0.006,0.994,0,0,0,0,0,0,"White","Male"
"529","WM-252","N",0,0.999,0,0,0,0,0,0,"White","Male"
"530","WM-037","N",0.006,0.994,0,0,0,0,0,0,"White","Male"
"531","WM-037","HC",0,0.032,0.007,0,0,0,0,0.961,"White","Male"
"532","WM-037","F",0,0.006,0.03,0.026,0.003,0.92,0.015,0,"White","Male"
"533","WM-037","A",0.004,0.325,0.033,0.027,0.612,0,0,0,"White","Male"
"534","WM-037","HO",0,0,0,0,0,0,0,1,"White","Male"
"535","WM-220","N",0,0.988,0.008,0,0.004,0,0,0,"White","Male"
"536","WM-208","N",0,0.999,0.001,0,0,0,0,0,"White","Male"
"537","WM-031","F",0,0,0,0,0,0.998,0.001,0,"White","Male"
"538","WM-031","N",0,0.999,0,0,0,0,0,0,"White","Male"
"539","WM-031","HC",0,0,0,0,0,0,0,0.999,"White","Male"
"540","WM-031","HO",0,0,0,0,0,0,0,1,"White","Male"
"541","WM-031","A",0.189,0.188,0.239,0.025,0.355,0,0.001,0.003,"White","Male"
"542","WM-013","N",0.001,0.999,0,0,0,0,0,0,"White","Male"
"543","WM-013","HC",0,0.149,0.216,0,0,0,0,0.635,"White","Male"
"544","WM-013","HO",0,0,0,0,0,0,0,1,"White","Male"
"545","WM-013","F",0.005,0.003,0.016,0.195,0.023,0.327,0.246,0.185,"White","Male"
"546","WM-013","A",0.002,0.8,0.048,0.03,0.12,0,0,0,"White","Male"
"547","WM-206","N",0.004,0.988,0.004,0,0,0.004,0,0,"White","Male"
"548","WM-217","N",0.002,0.998,0,0,0,0,0,0,"White","Male"
"549","WM-016","A",0.004,0.821,0.064,0.002,0.106,0.002,0,0,"White","Male"
"550","WM-016","HC",0,0.477,0.002,0,0,0,0,0.521,"White","Male"
"551","WM-016","N",0,0.999,0,0,0,0,0,0,"White","Male"
"552","WM-016","HO",0,0,0,0,0,0,0,1,"White","Male"
"553","WM-006","A",0.002,0.953,0.015,0,0.029,0,0,0,"White","Male"
"554","WM-006","HO",0,0,0,0,0,0,0,1,"White","Male"
"555","WM-006","F",0,0.005,0,0,0,0.995,0,0,"White","Male"
"556","WM-006","N",0,0.999,0,0,0,0,0,0.001,"White","Male"
"557","WM-006","HC",0,0,0,0,0,0,0,1,"White","Male"
"558","WM-244","N",0,0.676,0.001,0,0,0,0,0.323,"White","Male"
"559","WM-201","N",0.001,0.989,0.005,0,0,0,0,0.004,"White","Male"
"560","WM-004","N",0,1,0,0,0,0,0,0,"White","Male"
"561","WM-004","HO",0,0,0,0,0,0,0,1,"White","Male"
"562","WM-004","F",0,0,0,0,0,0.964,0.036,0,"White","Male"
"563","WM-004","A",0,0.026,0,0.007,0.967,0,0,0,"White","Male"
"564","WM-004","HC",0,0,0,0,0,0,0,1,"White","Male"
"565","WM-242","N",0.001,0.999,0.001,0,0,0,0,0,"White","Male"
"566","WM-243","N",0,0.978,0.021,0,0,0,0,0,"White","Male"
"567","WM-221","N",0,0.998,0.002,0,0,0,0,0,"White","Male"
"568","WM-233","N",0.001,0.997,0.001,0,0,0,0,0.001,"White","Male"
"569","WF-233","N",0.001,0.999,0,0,0,0,0,0,"White","Female"
"570","WF-216","N",0.055,0.62,0.321,0,0,0,0,0.003,"White","Female"
"571","WF-212","N",0,0.99,0.003,0,0,0,0,0.007,"White","Female"
"572","WF-201","N",0.056,0.576,0.005,0.003,0,0.284,0.076,0,"White","Female"
"573","WF-252","N",0,0.997,0.001,0,0.001,0,0,0.001,"White","Female"
"574","WF-238","N",0,0.549,0.002,0,0,0,0,0.449,"White","Female"
"575","WF-210","N",0.004,0.953,0.041,0,0.001,0,0,0,"White","Female"
"576","WF-012","A",0.029,0.432,0.248,0.001,0.289,0,0,0,"White","Female"
"577","WF-012","F",0.959,0,0,0,0,0.031,0.009,0,"White","Female"
"578","WF-012","HO",0,0,0,0,0,0,0,1,"White","Female"
"579","WF-012","HC",0,0,0,0,0,0,0,1,"White","Female"
"580","WF-012","N",0.025,0.975,0,0,0,0,0,0,"White","Female"
"581","WF-014","HC",0,0,0,0,0,0,0,1,"White","Female"
"582","WF-014","N",0,0.992,0,0,0,0,0,0.007,"White","Female"
"583","WF-014","HO",0,0,0,0,0,0,0,1,"White","Female"
"584","WF-014","F",0,0,0,0,0,0,0,1,"White","Female"
"585","WF-014","A",0.003,0.859,0.108,0.001,0.023,0.001,0,0.005,"White","Female"
"586","WF-232","N",0.006,0.994,0,0,0,0,0,0,"White","Female"
"587","WF-037","F",0,0,0,0.001,0,0.016,0.982,0,"White","Female"
"588","WF-037","A",0,0.007,0.357,0,0.635,0,0,0,"White","Female"
"589","WF-037","N",0,0.989,0.011,0,0,0,0,0,"White","Female"
"590","WF-037","HC",0,0,0,0,0,0,0,1,"White","Female"
"591","WF-009","F",0.149,0.555,0.001,0,0,0.001,0,0.293,"White","Female"
"592","WF-009","A",0.004,0.973,0.003,0.001,0.017,0,0,0.002,"White","Female"
"593","WF-009","HC",0,0,0,0,0,0,0,1,"White","Female"
"594","WF-009","HO",0,0,0,0,0,0,0,1,"White","Female"
"595","WF-009","N",0.016,0.984,0,0,0,0,0,0,"White","Female"
"596","WF-017","F",0.024,0.191,0.146,0.055,0.075,0.004,0.004,0.5,"White","Female"
"597","WF-017","A",0.033,0.547,0.052,0.015,0.343,0.001,0.001,0.007,"White","Female"
"598","WF-017","HO",0,0,0,0,0,0,0,1,"White","Female"
"599","WF-017","HC",0,0,0,0,0,0,0,1,"White","Female"
"600","WF-017","N",0,0.997,0.001,0,0,0,0,0.002,"White","Female"
"601","WF-221","N",0.006,0.829,0.164,0,0,0,0,0.001,"White","Female"
"602","WF-211","N",0.001,0.998,0,0,0,0.001,0,0,"White","Female"
"603","WF-208","N",0.16,0.838,0.001,0,0,0,0,0,"White","Female"
"604","WF-028","F",0.316,0,0,0.005,0,0.001,0.011,0.666,"White","Female"
"605","WF-028","A",0,0.175,0.022,0.245,0.557,0,0,0,"White","Female"
"606","WF-028","HO",0,0,0,0,0,0,0,1,"White","Female"
"607","WF-028","HC",0,0,0,0,0,0,0,1,"White","Female"
"608","WF-028","N",0.003,0.994,0.001,0,0.002,0,0,0,"White","Female"
"609","WF-214","N",0.113,0.886,0,0,0,0,0,0,"White","Female"
"610","WF-035","N",0.001,0.999,0,0,0,0,0,0,"White","Female"
"611","WF-035","A",0.018,0.742,0.02,0.002,0.218,0,0,0,"White","Female"
"612","WF-035","HC",0,0,0,0,0,0,0,1,"White","Female"
"613","WF-035","HO",0,0,0,0,0,0,0,1,"White","Female"
"614","WF-035","F",0.012,0.001,0.001,0.001,0.001,0.023,0.065,0.896,"White","Female"
"615","WF-250","N",0.003,0.994,0,0,0,0.003,0,0,"White","Female"
"616","WF-016","A",0.001,0.183,0.092,0,0.724,0,0,0,"White","Female"
"617","WF-016","N",0.001,0.998,0.001,0,0,0,0,0,"White","Female"
"618","WF-016","HO",0,0,0,0,0,0,0,1,"White","Female"
"619","WF-016","HC",0,0,0,0,0,0,0,1,"White","Female"
"620","WF-016","F",0.803,0.075,0.011,0.082,0.001,0.001,0.028,0,"White","Female"
"621","WF-034","F",0.003,0.006,0.003,0.006,0.055,0.476,0.451,0,"White","Female"
"622","WF-034","HC",0,0,0,0,0,0,0,1,"White","Female"
"623","WF-034","A",0.004,0.258,0.074,0.008,0.485,0.158,0.014,0,"White","Female"
"624","WF-034","N",0,1,0,0,0,0,0,0,"White","Female"
"625","WF-034","HO",0,0,0,0,0,0,0,1,"White","Female"
"626","WF-246","N",0.002,0.993,0.003,0,0.001,0,0,0.001,"White","Female"
"627","WF-237","N",0.02,0.98,0,0,0,0,0,0,"White","Female"
"628","WF-251","N",0.004,0.995,0.001,0,0,0,0,0,"White","Female"
"629","WF-039","N",0,0.998,0,0,0,0.001,0,0,"White","Female"
"630","WF-039","HC",0,0.019,0,0,0,0,0,0.981,"White","Female"
"631","WF-039","A",0.006,0.634,0.141,0.002,0.216,0,0,0.001,"White","Female"
"632","WF-039","HO",0,0,0,0,0,0,0,1,"White","Female"
"633","WF-039","F",0,0,0.001,0.002,0.276,0.001,0.009,0.712,"White","Female"
"634","WF-026","A",0.033,0.804,0.016,0.001,0.145,0,0,0,"White","Female"
"635","WF-026","F",0.439,0.006,0.003,0.081,0.058,0.002,0.076,0.336,"White","Female"
"636","WF-026","HC",0,0,0.001,0,0,0,0,0.999,"White","Female"
"637","WF-026","HO",0,0,0,0,0,0,0,1,"White","Female"
"638","WF-026","N",0.007,0.993,0,0,0,0,0,0,"White","Female"
"639","WF-021","A",0.001,0.005,0.062,0.551,0.38,0,0,0,"White","Female"
"640","WF-021","N",0.001,0.998,0,0,0,0,0,0,"White","Female"
"641","WF-021","HC",0,0,0,0,0,0,0,0.999,"White","Female"
"642","WF-021","HO",0,0,0,0,0,0,0,1,"White","Female"
"643","WF-021","F",0.011,0,0,0.134,0.041,0,0.814,0,"White","Female"
"644","WF-038","A",0,0.218,0.544,0.001,0.236,0.001,0,0,"White","Female"
"645","WF-038","HC",0,0,0,0,0,0,0,1,"White","Female"
"646","WF-038","HO",0,0,0,0,0,0,0,1,"White","Female"
"647","WF-038","N",0,0.999,0,0,0,0,0,0.001,"White","Female"
"648","WF-038","F",0,0,0.003,0.001,0.001,0.586,0.027,0.382,"White","Female"
"649","WF-220","N",0,1,0,0,0,0,0,0,"White","Female"
"650","WF-219","N",0.002,0.998,0,0,0,0,0,0,"White","Female"
"651","WF-029","HO",0,0,0,0,0,0,0,1,"White","Female"
"652","WF-029","A",0.007,0.058,0.087,0,0.848,0,0,0,"White","Female"
"653","WF-029","HC",0,0,0,0,0,0,0,1,"White","Female"
"654","WF-029","F",0.592,0.002,0.002,0.102,0.008,0,0.294,0,"White","Female"
"655","WF-029","N",0.004,0.994,0.001,0,0,0,0,0.001,"White","Female"
"656","WF-206","N",0.023,0.977,0,0,0,0,0,0,"White","Female"
"657","WF-006","F",0,0.342,0,0,0.006,0.651,0.001,0,"White","Female"
"658","WF-006","A",0.03,0.892,0.003,0.001,0.001,0,0,0.072,"White","Female"
"659","WF-006","HO",0,0,0,0,0,0,0,1,"White","Female"
"660","WF-006","N",0,1,0,0,0,0,0,0,"White","Female"
"661","WF-006","HC",0,0.021,0,0,0,0,0,0.979,"White","Female"
"662","WF-209","N",0,0.995,0,0,0,0,0,0.005,"White","Female"
"663","WF-011","F",0,0.005,0,0,0.012,0.951,0.032,0,"White","Female"
"664","WF-011","HC",0,0,0,0,0,0,0,1,"White","Female"
"665","WF-011","A",0.014,0.147,0.102,0.001,0.736,0,0,0,"White","Female"
"666","WF-011","N",0,0.999,0,0,0,0,0,0,"White","Female"
"667","WF-011","HO",0,0,0,0,0,0,0,1,"White","Female"
"668","WF-217","N",0.09,0.91,0,0,0,0,0,0,"White","Female"
"669","WF-033","N",0,0.999,0,0,0,0,0,0.001,"White","Female"
"670","WF-033","A",0.001,0.878,0.1,0,0.019,0,0,0.002,"White","Female"
"671","WF-033","HC",0,0,0,0,0,0,0,1,"White","Female"
"672","WF-033","HO",0,0,0,0,0,0,0,1,"White","Female"
"673","WF-033","F",0,0,0,0,0,0.986,0.014,0,"White","Female"
"674","WF-013","HC",0,0,0,0,0,0,0,1,"White","Female"
"675","WF-013","F",0.004,0.31,0,0,0,0.1,0,0.585,"White","Female"
"676","WF-013","HO",0,0,0,0,0,0,0,1,"White","Female"
"677","WF-013","N",0,0.967,0.001,0,0,0,0,0.032,"White","Female"
"678","WF-013","A",0.02,0.46,0.464,0.008,0.027,0,0,0.02,"White","Female"
"679","WF-248","N",0.065,0.922,0.012,0,0,0,0,0.001,"White","Female"
"680","WF-005","HC",0,0,0,0,0,0,0,1,"White","Female"
"681","WF-005","N",0.001,0.999,0,0,0,0,0,0,"White","Female"
"682","WF-005","HO",0,0,0,0,0,0,0,1,"White","Female"
"683","WF-005","F",0,0.01,0.034,0.002,0,0.935,0.011,0.007,"White","Female"
"684","WF-005","A",0.075,0.743,0.025,0.003,0.153,0,0,0.001,"White","Female"
"685","WF-001","HO",0,0,0,0,0,0,0,1,"White","Female"
"686","WF-001","N",0,1,0,0,0,0,0,0,"White","Female"
"687","WF-001","F",0,0.008,0,0,0,0.992,0,0,"White","Female"
"688","WF-001","A",0.001,0.424,0.059,0,0.516,0,0,0,"White","Female"
"689","WF-001","HC",0,0,0,0,0,0,0,1,"White","Female"
"690","WF-245","N",0.04,0.96,0,0,0,0,0,0,"White","Female"
"691","WF-036","A",0.041,0.189,0.119,0.026,0.625,0,0,0,"White","Female"
"692","WF-036","F",0.611,0.004,0.007,0.047,0.031,0.006,0.288,0.006,"White","Female"
"693","WF-036","HC",0,0.004,0,0,0,0,0,0.995,"White","Female"
"694","WF-036","N",0.021,0.979,0,0,0,0,0,0,"White","Female"
"695","WF-036","HO",0,0,0,0,0,0,0,1,"White","Female"
"696","WF-024","N",0.004,0.989,0,0,0,0.006,0,0,"White","Female"
"697","WF-024","HO",0,0,0,0,0,0,0,1,"White","Female"
"698","WF-024","F",0,0,0,0.002,0.021,0.074,0.901,0,"White","Female"
"699","WF-024","A",0.013,0.222,0.064,0.006,0.695,0,0,0,"White","Female"
"700","WF-024","HC",0,0.008,0,0,0,0,0,0.992,"White","Female"
"701","WF-213","N",0.001,0.992,0.004,0,0,0,0,0.003,"White","Female"
"702","WF-022","A",0.002,0.049,0.024,0,0.925,0,0,0,"White","Female"
"703","WF-022","HO",0,0,0,0,0,0,0,1,"White","Female"
"704","WF-022","N",0,1,0,0,0,0,0,0,"White","Female"
"705","WF-022","HC",0,0,0,0,0,0,0,1,"White","Female"
"706","WF-022","F",0.273,0.084,0.023,0.011,0.003,0.149,0.103,0.353,"White","Female"
"707","WF-020","F",0.636,0.107,0.002,0.004,0.001,0.177,0.073,0,"White","Female"
"708","WF-020","N",0.002,0.997,0.001,0,0,0,0,0,"White","Female"
"709","WF-020","A",0.008,0.436,0.014,0.056,0.453,0.031,0.002,0,"White","Female"
"710","WF-020","HO",0,0,0,0,0,0,0,1,"White","Female"
"711","WF-020","HC",0,0,0,0,0,0,0,1,"White","Female"
"712","WF-019","HO",0,0,0,0,0,0,0,1,"White","Female"
"713","WF-019","N",0.001,0.915,0.083,0,0,0,0,0,"White","Female"
"714","WF-019","A",0.006,0.367,0.155,0.001,0.471,0,0,0,"White","Female"
"715","WF-019","HC",0,0,0,0,0,0,0,1,"White","Female"
"716","WF-019","F",0.079,0.532,0.01,0.068,0.031,0.254,0.008,0.018,"White","Female"
"717","WF-031","HO",0,0,0,0,0,0,0,1,"White","Female"
"718","WF-031","HC",0,0,0,0,0,0,0,1,"White","Female"
"719","WF-031","F",0.002,0.007,0,0.001,0.001,0.411,0.577,0,"White","Female"
"720","WF-031","A",0.041,0.475,0.058,0.022,0.4,0.003,0.002,0,"White","Female"
"721","WF-031","N",0.001,0.999,0,0,0,0,0,0,"White","Female"
"722","WF-205","N",0.001,0.999,0,0,0,0,0,0,"White","Female"
"723","WF-236","N",0.005,0.985,0.002,0,0,0,0,0.008,"White","Female"
"724","WF-018","HC",0,0.002,0,0,0,0,0,0.998,"White","Female"
"725","WF-018","N",0,0.532,0.002,0,0.002,0.463,0.001,0,"White","Female"
"726","WF-018","F",0,0,0,0,0.001,0.004,0.004,0.992,"White","Female"
"727","WF-018","HO",0,0,0,0,0,0,0,1,"White","Female"
"728","WF-018","A",0.004,0.555,0.068,0.001,0.364,0.006,0.002,0,"White","Female"
"729","WF-215","N",0.001,0.987,0.011,0,0,0,0,0.002,"White","Female"
"730","WF-225","N",0.23,0.764,0.001,0,0,0.003,0.001,0,"White","Female"
"731","WF-229","N",0.008,0.991,0,0,0,0,0,0,"White","Female"
"732","WF-226","N",0,1,0,0,0,0,0,0,"White","Female"
"733","WF-010","A",0,0.998,0.001,0,0,0,0,0,"White","Female"
"734","WF-010","N",0,1,0,0,0,0,0,0,"White","Female"
"735","WF-010","F",0,0.003,0,0,0,0.173,0,0.823,"White","Female"
"736","WF-010","HC",0,0.011,0.184,0,0,0,0,0.806,"White","Female"
"737","WF-010","HO",0,0,0,0,0,0,0,1,"White","Female"
"738","WF-224","N",0.011,0.963,0.025,0,0.001,0,0,0,"White","Female"
"739","WF-008","A",0.069,0.183,0.42,0.009,0.306,0,0,0.012,"White","Female"
"740","WF-008","F",0,0.02,0,0,0.001,0.951,0.027,0,"White","Female"
"741","WF-008","HO",0,0,0,0,0,0,0,1,"White","Female"
"742","WF-008","N",0,0.895,0.002,0,0,0.001,0,0.102,"White","Female"
"743","WF-008","HC",0,0,0,0,0,0,0,1,"White","Female"
"744","WF-227","N",0,0.999,0,0,0,0,0,0,"White","Female"
"745","WF-244","N",0,1,0,0,0,0,0,0,"White","Female"
"746","WF-204","N",0.007,0.967,0.016,0,0,0,0,0.01,"White","Female"
"747","WF-007","N",0,0.998,0.001,0,0,0,0,0,"White","Female"
"748","WF-007","A",0.004,0.096,0.232,0.001,0.667,0,0,0,"White","Female"
"749","WF-007","HC",0,0,0,0,0,0,0,1,"White","Female"
"750","WF-007","F",0.003,0.005,0.001,0.001,0.008,0.702,0.28,0,"White","Female"
"751","WF-007","HO",0,0,0,0,0,0,0,1,"White","Female"
"752","WF-223","N",0.026,0.974,0,0,0,0,0,0,"White","Female"
"753","WF-025","F",0,0,0,0.001,0.068,0.184,0.744,0.003,"White","Female"
"754","WF-025","HC",0,0,0,0,0,0,0,1,"White","Female"
"755","WF-025","N",0.001,0.966,0,0,0,0.033,0,0,"White","Female"
"756","WF-025","HO",0,0,0,0,0,0,0,1,"White","Female"
"757","WF-025","A",0.052,0.924,0.005,0.002,0.017,0,0,0,"White","Female"
"758","WF-247","N",0.137,0.862,0,0,0,0,0,0,"White","Female"
"759","WF-249","N",0.005,0.994,0.001,0,0,0,0,0,"White","Female"
"760","WF-234","N",0,0.999,0,0,0,0,0,0,"White","Female"
"761","WF-230","N",0.19,0.809,0.001,0,0,0,0,0,"White","Female"
"762","WF-228","N",0.005,0.995,0,0,0,0,0,0,"White","Female"
"763","WF-243","N",0.001,0.999,0,0,0,0,0,0,"White","Female"
"764","WF-015","HC",0,0,0,0,0,0,0,1,"White","Female"
"765","WF-015","N",0.005,0.994,0.001,0,0,0,0,0,"White","Female"
"766","WF-015","A",0.014,0.479,0.106,0.003,0.396,0.001,0,0,"White","Female"
"767","WF-015","F",0,0.001,0,0,0.033,0.935,0.031,0,"White","Female"
"768","WF-015","HO",0,0,0,0,0,0,0,1,"White","Female"
"769","WF-240","N",0.003,0.997,0,0,0,0,0,0,"White","Female"
"770","WF-222","N",0,1,0,0,0,0,0,0,"White","Female"
"771","WF-242","N",0,0.999,0,0,0,0,0,0,"White","Female"
"772","WF-023","HO",0,0,0,0,0,0,0,1,"White","Female"
"773","WF-023","HC",0.004,0.333,0.001,0,0,0,0,0.662,"White","Female"
"774","WF-023","F",0.184,0.011,0.008,0.016,0.004,0.186,0.591,0,"White","Female"
"775","WF-023","N",0.001,0.995,0,0,0,0,0,0.004,"White","Female"
"776","WF-023","A",0.063,0.192,0.143,0.027,0.575,0,0,0,"White","Female"
"777","WF-030","HO",0,0,0,0,0,0,0,1,"White","Female"
"778","WF-030","N",0.005,0.995,0,0,0,0,0,0,"White","Female"
"779","WF-030","A",0.021,0.256,0.01,0,0.713,0,0,0,"White","Female"
"780","WF-030","F",0.753,0.001,0,0.002,0,0.002,0.11,0.132,"White","Female"
"781","WF-030","HC",0.001,0.002,0.005,0,0,0,0,0.993,"White","Female"
"782","WF-239","N",0.013,0.986,0,0,0,0,0,0,"White","Female"
"783","WF-231","N",0.004,0.996,0,0,0,0,0,0,"White","Female"
"784","WF-003","F",0,0,0,0,0,0.013,0,0.987,"White","Female"
"785","WF-003","A",0.003,0.89,0.01,0,0.096,0,0,0,"White","Female"
"786","WF-003","N",0,1,0,0,0,0,0,0,"White","Female"
"787","WF-003","HO",0,0,0,0,0,0,0,1,"White","Female"
"788","WF-003","HC",0,0,0,0,0,0,0,1,"White","Female"
"789","WF-027","F",0.271,0.227,0.037,0.028,0.336,0.008,0.088,0.006,"White","Female"
"790","WF-027","N",0,0.999,0.001,0,0,0,0,0,"White","Female"
"791","WF-027","A",0.004,0.465,0.26,0.002,0.267,0,0,0.001,"White","Female"
"792","WF-027","HC",0,0,0,0,0,0,0,1,"White","Female"
"793","WF-027","HO",0,0,0,0,0,0,0,1,"White","Female"
"794","WF-218","N",0,0.998,0,0,0,0,0,0.001,"White","Female"
"795","WF-202","N",0.001,0.999,0,0,0,0,0,0,"White","Female"
"796","WF-200","N",0.002,0.991,0.001,0,0,0.005,0.001,0,"White","Female"
"797","WF-241","N",0.064,0.935,0,0,0,0,0,0,"White","Female"
"798","WF-207","N",0,0.921,0.003,0,0,0,0,0.076,"White","Female"
"799","WF-002","A",0,0.048,0.019,0.203,0.008,0,0,0.722,"White","Female"
"800","WF-002","HC",0,0.001,0,0,0,0,0,0.999,"White","Female"
"801","WF-002","F",0,0.446,0,0,0,0.004,0,0.55,"White","Female"
"802","WF-002","N",0.004,0.995,0.001,0,0,0,0,0,"White","Female"
"803","WF-203","N",0.001,0.994,0.004,0,0,0,0,0.001,"White","Female"
"804","WF-235","N",0.003,0.997,0,0,0,0,0,0,"White","Female"
"805","LM-214","N",0.002,0.998,0,0,0,0,0,0,"Latino","Male"
"806","LM-220","N",0,1,0,0,0,0,0,0,"Latino","Male"
"807","LM-250","N",0.001,0.995,0.002,0,0,0,0,0.002,"Latino","Male"
"808","LM-202","N",0.072,0.924,0.003,0,0,0,0,0,"Latino","Male"
"809","LM-253","N",0.006,0.993,0,0,0,0,0,0,"Latino","Male"
"810","LM-246","N",0.012,0.986,0.002,0,0,0,0,0,"Latino","Male"
"811","LM-224","N",0,1,0,0,0,0,0,0,"Latino","Male"
"812","LM-238","N",0.001,0.944,0.055,0,0,0,0,0.001,"Latino","Male"
"813","LM-236","N",0.002,0.967,0.031,0,0,0,0,0,"Latino","Male"
"814","LM-215","N",0,1,0,0,0,0,0,0,"Latino","Male"
"815","LM-243","N",0.001,0.998,0.001,0,0,0,0,0,"Latino","Male"
"816","LM-223","N",0.034,0.96,0.005,0,0,0,0,0,"Latino","Male"
"817","LM-240","N",0,0.999,0,0,0,0,0,0,"Latino","Male"
"818","LM-221","N",0,0.998,0,0,0,0,0,0.002,"Latino","Male"
"819","LM-230","N",0,0.999,0,0,0,0,0,0,"Latino","Male"
"820","LM-210","N",0.001,0.999,0,0,0,0,0,0,"Latino","Male"
"821","LM-247","N",0,0.995,0.005,0,0,0,0,0,"Latino","Male"
"822","LM-212","N",0,1,0,0,0,0,0,0,"Latino","Male"
"823","LM-235","N",0,1,0,0,0,0,0,0,"Latino","Male"
"824","LM-242","N",0,0.999,0,0,0,0,0,0.001,"Latino","Male"
"825","LM-213","N",0,0.998,0.002,0,0,0,0,0.001,"Latino","Male"
"826","LM-232","N",0,0.999,0,0,0,0,0,0,"Latino","Male"
"827","LM-249","N",0.001,0.998,0.001,0,0,0,0,0,"Latino","Male"
"828","LM-244","N",0.003,0.994,0.002,0,0,0,0,0.001,"Latino","Male"
"829","LM-218","N",0.002,0.996,0.001,0,0,0,0,0,"Latino","Male"
"830","LM-226","N",0,0.999,0,0,0,0,0,0,"Latino","Male"
"831","LM-234","N",0,0.802,0.195,0,0,0,0,0.002,"Latino","Male"
"832","LM-229","N",0.001,0.999,0,0,0,0,0,0,"Latino","Male"
"833","LM-201","N",0,0.992,0,0,0,0,0,0.008,"Latino","Male"
"834","LM-251","N",0.008,0.989,0.002,0,0.001,0,0,0,"Latino","Male"
"835","LM-207","N",0.001,0.999,0,0,0,0,0,0,"Latino","Male"
"836","LM-228","N",0,1,0,0,0,0,0,0,"Latino","Male"
"837","LM-233","N",0.001,0.999,0,0,0,0,0,0,"Latino","Male"
"838","LM-200","N",0,0.98,0.001,0,0,0,0,0.02,"Latino","Male"
"839","LM-237","N",0,0.999,0,0,0,0,0,0,"Latino","Male"
"840","LM-211","N",0.004,0.994,0.003,0,0,0,0,0,"Latino","Male"
"841","LM-225","N",0,0.967,0.001,0,0,0,0,0.032,"Latino","Male"
"842","LM-216","N",0.001,0.998,0,0,0,0,0,0,"Latino","Male"
"843","LM-204","N",0,0.998,0.001,0,0,0,0,0.001,"Latino","Male"
"844","LM-222","N",0,0.987,0.007,0,0.001,0,0,0.004,"Latino","Male"
"845","LM-203","N",0,0.998,0,0,0,0,0,0.001,"Latino","Male"
"846","LM-227","N",0,1,0,0,0,0,0,0,"Latino","Male"
"847","LM-252","N",0.016,0.981,0.003,0,0,0,0,0,"Latino","Male"
"848","LM-231","N",0.001,0.998,0,0,0,0,0,0.001,"Latino","Male"
"849","LM-241","N",0.001,0.999,0,0,0,0,0,0,"Latino","Male"
"850","LM-208","N",0.015,0.981,0.004,0,0,0,0,0,"Latino","Male"
"851","LM-248","N",0,0.996,0.004,0,0,0,0,0,"Latino","Male"
"852","LM-206","N",0.002,0.988,0.005,0,0.004,0,0,0,"Latino","Male"
"853","LM-217","N",0,0.999,0,0,0,0,0,0,"Latino","Male"
"854","LM-239","N",0,0.997,0,0,0,0,0,0.003,"Latino","Male"
"855","LM-219","N",0,0.964,0,0,0,0,0,0.035,"Latino","Male"
"856","LM-209","N",0,0.91,0.014,0,0,0,0,0.075,"Latino","Male"
"857","BF-045","F",0,0,0,0.004,0,0.018,0.978,0,"Black","Female"
"858","BF-045","HO",0,0,0,0,0,0,0,1,"Black","Female"
"859","BF-045","A",0.022,0.802,0.029,0,0.145,0.001,0,0,"Black","Female"
"860","BF-045","N",0.017,0.98,0,0,0,0.003,0,0,"Black","Female"
"861","BF-045","HC",0,0,0.001,0,0,0,0,0.999,"Black","Female"
"862","BF-246","N",0.003,0.993,0.002,0,0,0.001,0,0.001,"Black","Female"
"863","BF-038","N",0.025,0.887,0.027,0.001,0.058,0,0,0,"Black","Female"
"864","BF-038","HO",0,0,0,0,0.004,0,0,0.995,"Black","Female"
"865","BF-038","A",0,0.052,0.009,0.001,0.938,0,0,0,"Black","Female"
"866","BF-038","F",0.073,0.003,0.002,0.04,0,0.02,0.861,0,"Black","Female"
"867","BF-038","HC",0.004,0.26,0.137,0.001,0,0,0,0.598,"Black","Female"
"868","BF-015","A",0.193,0.448,0.042,0.009,0.294,0.006,0.008,0,"Black","Female"
"869","BF-015","HO",0,0,0,0,0,0,0,1,"Black","Female"
"870","BF-015","F",0.518,0.108,0.074,0.027,0.249,0.006,0.017,0.001,"Black","Female"
"871","BF-015","N",0.002,0.998,0,0,0,0,0,0,"Black","Female"
"872","BF-015","HC",0,0.001,0.001,0,0,0,0,0.998,"Black","Female"
"873","BF-248","N",0,0.738,0.001,0,0,0,0,0.261,"Black","Female"
"874","BF-034","HC",0,0,0.009,0,0,0,0,0.991,"Black","Female"
"875","BF-034","HO",0,0,0,0,0,0,0,1,"Black","Female"
"876","BF-034","F",0.001,0.984,0,0,0,0.013,0,0.001,"Black","Female"
"877","BF-034","A",0,0.208,0.376,0.002,0.412,0,0,0,"Black","Female"
"878","BF-034","N",0,0.993,0.001,0,0.005,0.001,0,0,"Black","Female"
"879","BF-007","N",0.581,0.398,0.021,0,0,0,0,0,"Black","Female"
"880","BF-007","HC",0.003,0.232,0.013,0,0,0,0,0.751,"Black","Female"
"881","BF-007","HO",0,0,0,0,0,0,0,1,"Black","Female"
"882","BF-007","F",0.004,0.724,0.004,0,0,0.267,0.001,0,"Black","Female"
"883","BF-007","A",0.016,0.194,0.221,0.002,0.566,0,0,0,"Black","Female"
"884","BF-032","A",0.07,0.739,0.018,0.001,0.171,0,0,0,"Black","Female"
"885","BF-032","HC",0,0,0.001,0,0,0,0,0.999,"Black","Female"
"886","BF-032","HO",0,0,0,0,0,0,0,1,"Black","Female"
"887","BF-032","F",0.064,0,0.009,0.008,0.009,0.016,0.069,0.824,"Black","Female"
"888","BF-032","N",0.001,0.998,0,0,0.001,0,0,0,"Black","Female"
"889","BF-208","N",0.124,0.856,0.02,0,0,0,0,0,"Black","Female"
"890","BF-041","HC",0,0,0.002,0,0,0,0,0.998,"Black","Female"
"891","BF-041","F",0,0.577,0.004,0,0.001,0.411,0,0.006,"Black","Female"
"892","BF-041","N",0,0.999,0,0,0,0,0,0,"Black","Female"
"893","BF-041","A",0.008,0.638,0.335,0.001,0.01,0,0,0.008,"Black","Female"
"894","BF-041","HO",0,0,0,0,0,0,0,1,"Black","Female"
"895","BF-223","N",0.001,0.999,0,0,0,0,0,0,"Black","Female"
"896","BF-224","N",0.107,0.882,0.002,0.001,0,0.006,0.001,0.002,"Black","Female"
"897","BF-232","N",0.094,0.903,0.002,0,0,0,0,0,"Black","Female"
"898","BF-001","A",0,0.217,0.11,0,0.672,0,0,0,"Black","Female"
"899","BF-001","N",0,1,0,0,0,0,0,0,"Black","Female"
"900","BF-001","HC",0,0,0.009,0,0,0,0,0.991,"Black","Female"
"901","BF-001","F",0,0.218,0,0,0,0.782,0,0,"Black","Female"
"902","BF-001","HO",0,0,0,0,0,0,0,1,"Black","Female"
"903","BF-200","N",0.003,0.951,0.042,0,0,0,0,0.004,"Black","Female"
"904","BF-255","N",0.004,0.991,0.002,0,0,0.003,0,0,"Black","Female"
"905","BF-238","N",0.152,0.834,0.013,0,0,0,0,0,"Black","Female"
"906","BF-247","N",0,0.997,0,0,0,0.003,0,0,"Black","Female"
"907","BF-042","HC",0,0.009,0.048,0,0,0,0,0.943,"Black","Female"
"908","BF-042","A",0,0.002,0.007,0.296,0.695,0,0,0,"Black","Female"
"909","BF-042","N",0,0.999,0,0,0,0.001,0,0,"Black","Female"
"910","BF-042","F",0,0.001,0,0,0,0.998,0.001,0,"Black","Female"
"911","BF-042","HO",0,0,0,0,0,0,0,1,"Black","Female"
"912","BF-202","N",0.497,0.487,0.015,0,0,0.001,0,0,"Black","Female"
"913","BF-245","N",0.006,0.983,0,0,0,0.011,0,0,"Black","Female"
"914","BF-252","N",0,0.999,0,0,0,0,0,0,"Black","Female"
"915","BF-028","A",0.005,0.926,0.024,0.008,0.037,0,0,0.001,"Black","Female"
"916","BF-028","HO",0,0,0,0,0,0,0,1,"Black","Female"
"917","BF-028","HC",0,0.016,0.002,0,0,0,0,0.981,"Black","Female"
"918","BF-028","N",0,0.992,0,0,0,0,0,0.007,"Black","Female"
"919","BF-028","F",0.192,0.006,0.001,0.004,0.003,0.072,0.033,0.689,"Black","Female"
"920","BF-211","N",0.002,0.998,0,0,0,0,0,0,"Black","Female"
"921","BF-006","F",0.003,0.023,0.013,0.002,0.007,0.328,0.065,0.558,"Black","Female"
"922","BF-006","N",0,0.999,0,0,0,0.001,0,0,"Black","Female"
"923","BF-006","HC",0,0,0,0,0,0,0,1,"Black","Female"
"924","BF-006","A",0.005,0.409,0.072,0.001,0.511,0.001,0,0,"Black","Female"
"925","BF-006","HO",0,0,0,0,0,0,0,1,"Black","Female"
"926","BF-209","N",0.019,0.978,0.002,0,0,0,0,0.001,"Black","Female"
"927","BF-043","F",0,0.001,0.011,0,0,0.013,0.001,0.975,"Black","Female"
"928","BF-043","N",0.006,0.994,0,0,0,0,0,0,"Black","Female"
"929","BF-043","HC",0.001,0,0,0,0,0,0,0.999,"Black","Female"
"930","BF-043","HO",0,0,0,0,0,0,0,1,"Black","Female"
"931","BF-043","A",0.368,0.168,0.152,0.155,0.137,0.002,0.013,0.005,"Black","Female"
"932","BF-228","N",0.002,0.893,0.009,0,0,0.001,0,0.094,"Black","Female"
"933","BF-050","F",0,0,0,0,0.172,0.828,0,0,"Black","Female"
"934","BF-050","N",0.002,0.938,0.001,0,0.003,0.055,0,0.001,"Black","Female"
"935","BF-050","HC",0,0,0.02,0,0,0.001,0,0.979,"Black","Female"
"936","BF-050","HO",0,0,0,0,0,0,0,1,"Black","Female"
"937","BF-050","A",0,0.099,0.002,0.002,0.498,0.39,0.01,0,"Black","Female"
"938","BF-227","N",0.006,0.978,0.008,0,0.006,0.001,0,0,"Black","Female"
"939","BF-229","N",0,0.998,0.001,0,0,0,0,0,"Black","Female"
"940","BF-033","N",0.011,0.986,0.002,0,0,0,0,0,"Black","Female"
"941","BF-033","HC",0,0,0.002,0,0,0,0,0.998,"Black","Female"
"942","BF-033","F",0.523,0,0.001,0.003,0,0.001,0.469,0.003,"Black","Female"
"943","BF-033","A",0.066,0.93,0.001,0,0.003,0,0,0,"Black","Female"
"944","BF-033","HO",0,0,0,0,0,0,0,1,"Black","Female"
"945","BF-251","N",0.008,0.933,0.03,0,0,0,0,0.029,"Black","Female"
"946","BF-213","N",0.003,0.992,0,0,0,0.006,0,0,"Black","Female"
"947","BF-243","N",0.003,0.996,0.001,0,0,0,0,0,"Black","Female"
"948","BF-044","HC",0,0,0,0,0,0,0,1,"Black","Female"
"949","BF-044","HO",0,0,0,0,0,0,0,1,"Black","Female"
"950","BF-044","N",0.009,0.958,0.022,0,0.01,0,0,0,"Black","Female"
"951","BF-044","F",0.005,0.037,0.036,0.019,0.005,0.773,0.124,0,"Black","Female"
"952","BF-044","A",0.138,0.654,0.07,0.001,0.137,0,0,0,"Black","Female"
"953","BF-013","F",0,0,0.001,0,0,0.998,0,0,"Black","Female"
"954","BF-013","HC",0,0.014,0.001,0,0,0,0,0.985,"Black","Female"
"955","BF-013","N",0.001,0.999,0,0,0,0,0,0,"Black","Female"
"956","BF-013","A",0.034,0.681,0.125,0.002,0.158,0,0,0,"Black","Female"
"957","BF-013","HO",0,0,0,0,0,0,0,1,"Black","Female"
"958","BF-221","N",0.001,0.988,0,0,0,0,0,0.011,"Black","Female"
"959","BF-239","N",0,0.99,0.006,0,0,0.003,0,0,"Black","Female"
"960","BF-216","N",0.008,0.99,0,0,0,0.002,0,0,"Black","Female"
"961","BF-018","HC",0,0.001,0.003,0,0,0,0,0.996,"Black","Female"
"962","BF-018","HO",0,0,0,0,0,0,0,1,"Black","Female"
"963","BF-018","F",0.004,0.034,0.034,0.008,0.022,0.318,0.087,0.492,"Black","Female"
"964","BF-018","A",0.004,0.14,0.292,0.005,0.559,0,0,0,"Black","Female"
"965","BF-018","N",0,0.999,0,0,0,0,0,0,"Black","Female"
"966","BF-201","N",0.137,0.862,0.001,0,0,0,0,0,"Black","Female"
"967","BF-039","HC",0,0,0,0,0,0,0,1,"Black","Female"
"968","BF-039","HO",0,0,0,0,0,0,0,1,"Black","Female"
"969","BF-039","A",0.052,0.166,0.135,0.001,0.645,0,0,0,"Black","Female"
"970","BF-039","N",0.116,0.875,0.009,0,0,0,0,0,"Black","Female"
"971","BF-039","F",0.43,0,0,0,0.001,0,0.285,0.285,"Black","Female"
"972","BF-203","N",0.568,0.428,0.001,0.001,0,0.001,0.001,0,"Black","Female"
"973","BF-231","N",0.003,0.991,0.003,0,0,0.003,0,0,"Black","Female"
"974","BF-236","N",0.002,0.997,0,0,0,0,0,0,"Black","Female"
"975","BF-016","N",0,1,0,0,0,0,0,0,"Black","Female"
"976","BF-016","HO",0,0,0,0,0,0,0,1,"Black","Female"
"977","BF-016","A",0.006,0.728,0.016,0.153,0.095,0,0,0.001,"Black","Female"
"978","BF-016","F",0,0.001,0,0,0.003,0.846,0.15,0,"Black","Female"
"979","BF-016","HC",0,0,0,0,0,0,0,1,"Black","Female"
"980","BF-218","N",0.002,0.777,0.143,0,0.001,0,0,0.077,"Black","Female"
"981","BF-210","N",0.001,0.967,0.002,0,0,0.001,0,0.03,"Black","Female"
"982","BF-242","N",0.001,0.963,0.036,0,0,0,0,0,"Black","Female"
"983","BF-212","N",0,0.945,0.004,0,0,0.006,0,0.044,"Black","Female"
"984","BF-235","N",0.53,0.47,0,0,0,0,0,0,"Black","Female"
"985","BF-215","N",0.009,0.44,0.002,0.004,0.003,0.49,0.053,0,"Black","Female"
"986","BF-011","N",0.002,0.925,0.026,0,0.009,0.036,0.001,0,"Black","Female"
"987","BF-011","HC",0,0,0,0,0,0,0,1,"Black","Female"
"988","BF-011","F",0,0.004,0,0.001,0.001,0.963,0.031,0,"Black","Female"
"989","BF-011","HO",0,0,0,0,0,0,0,1,"Black","Female"
"990","BF-011","A",0.006,0.455,0.073,0.024,0.438,0.002,0.001,0.001,"Black","Female"
"991","BF-048","N",0,1,0,0,0,0,0,0,"Black","Female"
"992","BF-048","HC",0,0,0,0,0,0,0,1,"Black","Female"
"993","BF-048","A",0.027,0.324,0.126,0.402,0.105,0.001,0,0.014,"Black","Female"
"994","BF-048","F",0,0,0.001,0,0,0.879,0.119,0,"Black","Female"
"995","BF-048","HO",0,0,0,0,0,0,0,1,"Black","Female"
"996","BF-012","N",0.011,0.989,0,0,0,0,0,0,"Black","Female"
"997","BF-012","F",0,0,0,0,0,1,0,0,"Black","Female"
"998","BF-012","HC",0,0.008,0.044,0,0,0,0,0.947,"Black","Female"
"999","BF-012","A",0.048,0.717,0.043,0.001,0.191,0,0,0,"Black","Female"
"1000","BF-012","HO",0,0,0,0,0,0,0,1,"Black","Female"
"1001","BF-219","N",0.002,0.99,0.007,0,0,0,0,0,"Black","Female"
"1002","BF-226","N",0,0.999,0,0,0,0,0,0,"Black","Female"
"1003","BF-031","F",0,0.001,0.001,0.001,0.016,0,0.001,0.98,"Black","Female"
"1004","BF-031","A",0.009,0.055,0.007,0.006,0.923,0,0,0,"Black","Female"
"1005","BF-031","N",0.032,0.968,0,0,0,0,0,0,"Black","Female"
"1006","BF-031","HC",0,0,0,0,0,0,0,1,"Black","Female"
"1007","BF-031","HO",0,0,0,0,0,0,0,1,"Black","Female"
"1008","BF-230","N",0.002,0.993,0.004,0,0,0,0,0.001,"Black","Female"
"1009","BF-220","N",0.001,0.992,0.006,0,0,0.001,0,0.001,"Black","Female"
"1010","BF-036","HO",0,0,0,0,0,0,0,1,"Black","Female"
"1011","BF-036","N",0.003,0.991,0.005,0,0,0.001,0,0,"Black","Female"
"1012","BF-036","A",0,0.058,0.07,0.514,0.084,0,0,0.274,"Black","Female"
"1013","BF-036","HC",0,0.258,0.011,0,0,0,0,0.731,"Black","Female"
"1014","BF-036","F",0.003,0.086,0.286,0.21,0.118,0.068,0.014,0.214,"Black","Female"
"1015","BF-029","HO",0,0,0,0,0,0,0,1,"Black","Female"
"1016","BF-029","F",0,0,0,0,0,0.986,0.013,0,"Black","Female"
"1017","BF-029","A",0,0.001,0,0.102,0.896,0,0,0,"Black","Female"
"1018","BF-029","N",0.003,0.977,0,0,0,0.019,0,0,"Black","Female"
"1019","BF-029","HC",0,0,0,0,0,0,0,1,"Black","Female"
"1020","BF-217","N",0.014,0.947,0.018,0,0,0.02,0,0,"Black","Female"
"1021","BF-237","N",0,0.994,0.005,0,0,0.001,0,0.001,"Black","Female"
"1022","BF-205","N",0.001,0.997,0,0,0,0.001,0,0,"Black","Female"
"1023","BF-020","HC",0,0,0,0,0,0,0,1,"Black","Female"
"1024","BF-020","N",0.005,0.684,0.006,0,0,0,0,0.305,"Black","Female"
"1025","BF-020","HO",0,0,0,0,0,0,0,1,"Black","Female"
"1026","BF-020","A",0.169,0.713,0.017,0.056,0.008,0,0,0.037,"Black","Female"
"1027","BF-020","F",0.086,0,0.001,0,0,0.003,0.036,0.874,"Black","Female"
"1028","BF-023","HO",0,0,0,0,0,0,0,1,"Black","Female"
"1029","BF-023","HC",0,0,0,0,0,0,0,1,"Black","Female"
"1030","BF-023","A",0.059,0.792,0.028,0.001,0.119,0,0,0,"Black","Female"
"1031","BF-023","N",0.001,0.999,0,0,0,0,0,0,"Black","Female"
"1032","BF-023","F",0.001,0,0.001,0.009,0.004,0.542,0.444,0,"Black","Female"
"1033","BF-222","N",0.005,0.971,0,0,0,0.024,0,0,"Black","Female"
"1034","BF-233","N",0.007,0.991,0.002,0,0,0,0,0,"Black","Female"
"1035","BF-047","A",0.114,0.008,0.052,0.022,0.795,0.001,0.008,0,"Black","Female"
"1036","BF-047","HO",0,0,0,0,0,0,0,1,"Black","Female"
"1037","BF-047","HC",0,0,0,0,0,0,0,1,"Black","Female"
"1038","BF-047","F",0.001,0,0.001,0.003,0,0.227,0.768,0,"Black","Female"
"1039","BF-047","N",0.001,0.999,0,0,0,0,0,0,"Black","Female"
"1040","BF-025","F",0.087,0.149,0.01,0.023,0.02,0.592,0.113,0.006,"Black","Female"
"1041","BF-025","A",0,0,0,0.036,0.963,0,0,0,"Black","Female"
"1042","BF-025","N",0,1,0,0,0,0,0,0,"Black","Female"
"1043","BF-025","HC",0,0,0,0,0,0,0,1,"Black","Female"
"1044","BF-025","HO",0,0,0,0,0,0,0,1,"Black","Female"
"1045","BF-254","N",0.034,0.964,0.001,0,0.001,0,0,0,"Black","Female"
"1046","BF-244","N",0,0.999,0,0,0,0,0,0,"Black","Female"
"1047","BF-204","N",0.002,0.911,0.078,0,0,0,0,0.009,"Black","Female"
"1048","BF-207","N",0.1,0.739,0.157,0.001,0.002,0.001,0,0,"Black","Female"
"1049","BF-249","N",0,0.999,0.001,0,0,0,0,0,"Black","Female"
"1050","BF-234","N",0.015,0.942,0.042,0,0,0,0,0.001,"Black","Female"
"1051","BF-021","HO",0,0,0,0,0,0,0,1,"Black","Female"
"1052","BF-021","F",0.009,0.006,0,0.001,0.004,0.969,0.01,0,"Black","Female"
"1053","BF-021","HC",0,0,0.004,0,0,0,0,0.996,"Black","Female"
"1054","BF-021","A",0.002,0.205,0.057,0.005,0.731,0,0,0,"Black","Female"
"1055","BF-021","N",0.001,0.998,0,0,0,0,0,0,"Black","Female"
"1056","BF-005","F",0,0,0.003,0.002,0.137,0.767,0.091,0,"Black","Female"
"1057","BF-005","HC",0.003,0.954,0.026,0,0.001,0.001,0,0.016,"Black","Female"
"1058","BF-005","A",0.006,0.089,0.206,0.001,0.698,0,0,0,"Black","Female"
"1059","BF-005","HO",0,0,0,0,0,0,0,1,"Black","Female"
"1060","BF-005","N",0.004,0.989,0.007,0,0,0,0,0,"Black","Female"
"1061","BF-225","N",0.053,0.92,0.005,0,0,0,0,0.022,"Black","Female"
"1062","BF-051","HC",0,0,0,0,0,0,0,1,"Black","Female"
"1063","BF-051","HO",0,0,0,0,0,0,0,1,"Black","Female"
"1064","BF-051","N",0.004,0.994,0,0,0.001,0,0,0,"Black","Female"
"1065","BF-051","F",0,0,0,0,0,0.996,0.004,0,"Black","Female"
"1066","BF-051","A",0.016,0.422,0.018,0,0.544,0,0,0,"Black","Female"
"1067","BF-214","N",0,0.999,0.001,0,0,0,0,0,"Black","Female"
"1068","BF-049","F",0.047,0.076,0.004,0.026,0.262,0.344,0.24,0.001,"Black","Female"
"1069","BF-049","HC",0,0,0.001,0,0,0,0,0.999,"Black","Female"
"1070","BF-049","A",0.002,0.602,0.009,0.017,0.349,0.019,0.001,0,"Black","Female"
"1071","BF-049","HO",0,0,0,0,0,0,0,1,"Black","Female"
"1072","BF-049","N",0,0.999,0,0,0,0.001,0,0,"Black","Female"
"1073","BF-009","HO",0,0,0,0,0,0.001,0,0.999,"Black","Female"
"1074","BF-009","F",0,0,0.003,0,0.015,0.977,0.005,0,"Black","Female"
"1075","BF-009","HC",0,0.123,0.056,0,0,0.004,0,0.817,"Black","Female"
"1076","BF-009","A",0.002,0.98,0.004,0,0.003,0.011,0,0,"Black","Female"
"1077","BF-009","N",0.005,0.983,0.003,0,0.001,0.008,0,0,"Black","Female"
"1078","BF-250","N",0.006,0.986,0.004,0,0.001,0.002,0,0,"Black","Female"
"1079","BF-241","N",0.001,0.998,0,0,0,0,0,0,"Black","Female"
"1080","BF-010","HC",0,0.001,0.004,0,0,0,0,0.995,"Black","Female"
"1081","BF-010","N",0.096,0.897,0.005,0,0.001,0,0,0.001,"Black","Female"
"1082","BF-010","A",0.027,0.889,0.01,0.02,0.051,0.002,0.001,0.001,"Black","Female"
"1083","BF-010","F",0,0.013,0,0,0,0.985,0.002,0,"Black","Female"
"1084","BF-010","HO",0,0,0,0,0,0,0,1,"Black","Female"
"1085","BF-037","HC",0,0,0,0,0,0,0,1,"Black","Female"
"1086","BF-037","A",0.001,0.986,0.001,0,0.001,0,0,0.012,"Black","Female"
"1087","BF-037","N",0.103,0.869,0.027,0,0,0.001,0,0,"Black","Female"
"1088","BF-037","F",0.15,0.084,0.007,0.015,0.024,0.606,0.114,0,"Black","Female"
"1089","BF-037","HO",0,0,0,0,0,0,0,1,"Black","Female"
"1090","BF-008","HC",0.002,0.554,0.032,0,0,0.001,0,0.41,"Black","Female"
"1091","BF-008","A",0.048,0.914,0.011,0.002,0.024,0,0,0,"Black","Female"
"1092","BF-008","N",0.037,0.961,0.002,0,0,0,0,0,"Black","Female"
"1093","BF-008","F",0,0.001,0.001,0,0.001,0.996,0.001,0,"Black","Female"
"1094","BF-008","HO",0,0,0,0,0,0,0,1,"Black","Female"
"1095","BF-240","N",0.125,0.874,0,0,0,0,0,0,"Black","Female"
"1096","BF-040","HO",0,0,0,0,0,0,0,1,"Black","Female"
"1097","BF-040","F",0.025,0.205,0.013,0.044,0.008,0.628,0.074,0.001,"Black","Female"
"1098","BF-040","HC",0,0,0.001,0,0,0,0,0.999,"Black","Female"
"1099","BF-040","A",0.001,0.95,0.003,0,0.045,0,0,0,"Black","Female"
"1100","BF-040","N",0.001,0.999,0.001,0,0,0,0,0,"Black","Female"
"1101","BF-253","N",0,0.998,0,0,0,0,0,0.001,"Black","Female"
"1102","BF-024","F",0,0,0.001,0,0,0.502,0.007,0.489,"Black","Female"
"1103","BF-024","N",0.239,0.746,0.013,0,0,0,0,0,"Black","Female"
"1104","BF-024","A",0,0,0.683,0.313,0.004,0,0,0,"Black","Female"
"1105","BF-024","HO",0,0,0,0,0,0,0,1,"Black","Female"
"1106","BF-024","HC",0,0,0.049,0,0,0,0,0.95,"Black","Female"
"1107","BF-004","A",0.069,0.33,0.046,0.009,0.438,0.08,0.028,0,"Black","Female"
"1108","BF-004","F",0,0.236,0.012,0,0.001,0.748,0.002,0,"Black","Female"
"1109","BF-004","HC",0,0.094,0.019,0,0,0,0,0.887,"Black","Female"
"1110","BF-004","HO",0,0,0,0,0,0,0,1,"Black","Female"
"1111","BF-004","N",0.035,0.965,0,0,0,0,0,0,"Black","Female"
"1112","BF-002","A",0.004,0.868,0.016,0.005,0.103,0,0,0.004,"Black","Female"
"1113","BF-002","HC",0,0,0,0,0,0,0,1,"Black","Female"
"1114","BF-002","HO",0,0,0,0,0,0,0,1,"Black","Female"
"1115","BF-002","N",0.002,0.997,0,0,0,0,0,0,"Black","Female"
"1116","BF-002","F",0.064,0.225,0.01,0.027,0.007,0.494,0.047,0.126,"Black","Female"
"1117","BF-019","HC",0,0.025,0.001,0,0,0.001,0,0.974,"Black","Female"
"1118","BF-019","A",0.103,0.839,0.044,0.003,0.008,0.001,0.001,0.003,"Black","Female"
"1119","BF-019","N",0,0.999,0,0,0,0,0,0.001,"Black","Female"
"1120","BF-019","HO",0,0,0,0,0,0,0,1,"Black","Female"
"1121","BF-019","F",0.008,0.003,0.006,0.006,0.002,0.469,0.506,0,"Black","Female"
"1122","BF-030","HC",0,0,0,0,0,0,0,1,"Black","Female"
"1123","BF-030","F",0.29,0.018,0.058,0.073,0.006,0.048,0.507,0,"Black","Female"
"1124","BF-030","HO",0,0,0,0,0,0,0,1,"Black","Female"
"1125","BF-030","N",0.001,0.993,0.006,0,0,0,0,0,"Black","Female"
"1126","BF-003","HO",0,0,0,0,0,0,0,1,"Black","Female"
"1127","BF-003","N",0.004,0.994,0.001,0,0,0.001,0,0,"Black","Female"
"1128","BF-003","HC",0,0,0,0,0,0,0,1,"Black","Female"
"1129","BF-003","A",0.02,0.895,0.026,0.002,0.057,0,0,0,"Black","Female"
"1130","BF-003","F",0.412,0.007,0.003,0.008,0.009,0.218,0.296,0.048,"Black","Female"
"1131","BF-206","N",0.028,0.564,0.396,0,0,0,0,0.011,"Black","Female"
"1132","BF-017","HO",0,0,0,0,0,0,0,1,"Black","Female"
"1133","BF-017","F",0.063,0.004,0.002,0.003,0.049,0.004,0.208,0.668,"Black","Female"
"1134","BF-017","HC",0,0,0.005,0,0,0,0,0.995,"Black","Female"
"1135","BF-017","A",0.005,0.596,0.107,0.006,0.002,0.005,0,0.279,"Black","Female"
"1136","BF-017","N",0.002,0.982,0.001,0,0,0.003,0,0.012,"Black","Female"
"1137","BF-014","HC",0.007,0.3,0.104,0,0,0,0,0.588,"Black","Female"
"1138","BF-014","F",0.926,0.001,0.001,0.002,0,0,0.048,0.022,"Black","Female"
"1139","BF-014","HO",0,0,0,0,0,0,0,1,"Black","Female"
"1140","BF-014","A",0,0.117,0.289,0.002,0.591,0,0,0,"Black","Female"
"1141","BF-014","N",0.116,0.884,0,0,0,0,0,0,"Black","Female"
"1142","BF-035","HO",0,0,0,0,0,0,0,1,"Black","Female"
"1143","BF-035","A",0.005,0.732,0.083,0.003,0.175,0,0,0,"Black","Female"
"1144","BF-035","HC",0,0.089,0.023,0,0,0,0,0.887,"Black","Female"
"1145","BF-035","N",0,1,0,0,0,0,0,0,"Black","Female"
"1146","BF-035","F",0,0,0.009,0,0,0.829,0.002,0.16,"Black","Female"
"1147","BF-027","HO",0,0,0,0,0,0,0,1,"Black","Female"
"1148","BF-027","A",0.019,0.441,0.162,0.026,0.348,0.001,0.001,0.002,"Black","Female"
"1149","BF-027","HC",0,0,0,0,0,0,0,1,"Black","Female"
"1150","BF-027","N",0,0.999,0,0,0,0,0,0,"Black","Female"
"1151","BF-027","F",0,0.001,0,0,0,0.974,0.025,0,"Black","Female"
"1152","LF-232","N",0,0.95,0.008,0,0,0,0,0.042,"Latino","Female"
"1153","LF-251","N",0.006,0.984,0.007,0,0,0,0,0.003,"Latino","Female"
"1154","LF-206","N",0.003,0.997,0,0,0,0,0,0,"Latino","Female"
"1155","LF-250","N",0.002,0.958,0.04,0,0,0,0,0,"Latino","Female"
"1156","LF-239","N",0.001,0.999,0,0,0,0,0,0,"Latino","Female"
"1157","LF-218","N",0.02,0.975,0.002,0,0.002,0,0,0,"Latino","Female"
"1158","LF-210","N",0.001,0.997,0.001,0,0,0,0,0,"Latino","Female"
"1159","LF-201","N",0.018,0.906,0.005,0.001,0,0.066,0.004,0.001,"Latino","Female"
"1160","LF-235","N",0.01,0.99,0,0,0,0,0,0,"Latino","Female"
"1161","LF-245","N",0.001,0.962,0.002,0,0,0.001,0,0.035,"Latino","Female"
"1162","LF-227","N",0,0.998,0,0,0,0,0,0.002,"Latino","Female"
"1163","LF-223","N",0.003,0.949,0.048,0,0,0,0,0,"Latino","Female"
"1164","LF-240","N",0.037,0.962,0,0,0,0,0,0,"Latino","Female"
"1165","LF-204","N",0.255,0.739,0.006,0,0,0,0,0,"Latino","Female"
"1166","LF-205","N",0.001,0.999,0,0,0,0,0,0,"Latino","Female"
"1167","LF-219","N",0,1,0,0,0,0,0,0,"Latino","Female"
"1168","LF-213","N",0.086,0.914,0,0,0,0,0,0,"Latino","Female"
"1169","LF-237","N",0.002,0.997,0,0,0,0,0,0,"Latino","Female"
"1170","LF-236","N",0.001,0.989,0.009,0,0,0,0,0,"Latino","Female"
"1171","LF-244","N",0.017,0.982,0.001,0,0,0,0,0,"Latino","Female"
"1172","LF-216","N",0.004,0.996,0,0,0,0,0,0,"Latino","Female"
"1173","LF-255","N",0.007,0.983,0.009,0,0,0,0,0,"Latino","Female"
"1174","LF-252","N",0.001,0.714,0.146,0,0,0.002,0,0.137,"Latino","Female"
"1175","LF-242","N",0,0.999,0.001,0,0,0,0,0,"Latino","Female"
"1176","LF-246","N",0.005,0.981,0.013,0,0,0,0,0,"Latino","Female"
"1177","LF-222","N",0.001,0.998,0.001,0,0,0.001,0,0,"Latino","Female"
"1178","LF-248","N",0.034,0.925,0.04,0,0,0,0,0,"Latino","Female"
"1179","LF-249","N",0.031,0.968,0,0,0,0,0,0.001,"Latino","Female"
"1180","LF-233","N",0.001,0.95,0.044,0,0,0,0,0.004,"Latino","Female"
"1181","LF-228","N",0.065,0.934,0.002,0,0,0,0,0,"Latino","Female"
"1182","LF-229","N",0,0.997,0.003,0,0,0,0,0,"Latino","Female"
"1183","LF-217","N",0,0.982,0.002,0,0,0,0,0.016,"Latino","Female"
"1184","LF-221","N",0.013,0.986,0,0,0,0,0,0,"Latino","Female"
"1185","LF-220","N",0.002,0.996,0.002,0,0,0,0,0,"Latino","Female"
"1186","LF-224","N",0.001,0.999,0,0,0,0,0,0,"Latino","Female"
"1187","LF-214","N",0.062,0.901,0.036,0,0.001,0,0,0,"Latino","Female"
"1188","LF-230","N",0,0.454,0,0,0,0,0,0.545,"Latino","Female"
"1189","LF-253","N",0.001,0.997,0.001,0,0,0,0,0,"Latino","Female"
"1190","LF-254","N",0.133,0.865,0.002,0,0,0,0,0,"Latino","Female"
"1191","LF-209","N",0.109,0.89,0.001,0,0,0,0,0,"Latino","Female"
"1192","LF-211","N",0.007,0.963,0.002,0,0,0.024,0.003,0,"Latino","Female"
"1193","LF-202","N",0.001,0.986,0.013,0,0,0,0,0,"Latino","Female"
"1194","LF-243","N",0.011,0.989,0,0,0,0,0,0,"Latino","Female"
"1195","LF-234","N",0.008,0.991,0,0,0,0,0,0,"Latino","Female"
"1196","LF-247","N",0.001,0.999,0,0,0,0,0,0,"Latino","Female"
"1197","LF-207","N",0.001,0.999,0,0,0,0,0,0,"Latino","Female"
"1198","LF-238","N",0,0.694,0.002,0,0,0,0,0.304,"Latino","Female"
"1199","LF-215","N",0.001,0.998,0.002,0,0,0,0,0,"Latino","Female"
"1200","LF-225","N",0.003,0.997,0,0,0,0,0,0,"Latino","Female"
"1201","LF-212","N",0.005,0.995,0.001,0,0,0,0,0,"Latino","Female"
"1202","LF-203","N",0.001,0.998,0,0,0,0,0,0.001,"Latino","Female"
"1203","LF-200","N",0.048,0.951,0,0,0,0.001,0,0,"Latino","Female"
"1204","LF-231","N",0.057,0.9,0.021,0,0,0.008,0.014,0,"Latino","Female"
"1205","LF-208","N",0.042,0.957,0,0,0,0,0,0,"Latino","Female"
"1206","LF-226","N",0.002,0.995,0.004,0,0,0,0,0,"Latino","Female"
"1207","LF-241","N",0.006,0.992,0.001,0,0,0.001,0,0,"Latino","Female"
